lines/2785.jpg	នាមបុរីស មានពាក្យវា គាត់ឯង។
lines/2783.jpg	III វេយ្យករណ៍
lines/2784.jpg	1,សព្វនាមបុរិស មានបុរសទី1 បុរសទី2 បុរសទី3ហើយសព្វ
lines/2790.jpg	ឪពុកម្តាយគ្រប់រូបតែងតែចង់ឪ្យកូនល្អដើតាមគន្លងធម៏
lines/2787.jpg	- វាមិនបានទៅរៀនទេថ្ងៃនេះ។
lines/2793.jpg	ជុំវិញខ្លួនឡើយ។ដូចនេះយើងធ្វើជាមនុស្សគួរតែចពធ្វើខ្លួន
lines/2795.jpg	ឈ្មោះរបស់យើងល្អផងដែរ។ហេតុដូចនេះហើយទើបមាន
lines/2791.jpg	ស្លូកបូក ចេះគួរសម ចេះគោរពចាស់ទំ។មិនមែនជាមនុស្ស
lines/2794.jpg	ឪ្យល្អ ដើម្បីឪ្យម្តាយឪពុកមានមុខមានមាត់ល្អ និង កិត្តិយសកេរ្តិ៍
lines/2792.jpg	ដែលមានចេិកមិនល្អ មិនចេះអោនទោស ឈ្លើយដាក់មនុស្ស
lines/2788.jpg	- គាត់ទៅស្រែងលិចភ្នំ។
lines/2797.jpg	ព្រួយបារម្ភ កូនស្លូតចេះគួរសមមេបាថ្កុំថ្កើនកេរ្តិ៍ឈ្មោះ"។
lines/2786.jpg	2,បង្កើតល្បះរបស់សុព្វនាមបុិសឪ្យបាន២
lines/2796.jpg	ពាក្យទូន្មានមួយឃ្លោពោលថា" កូនកាចបំពេញទុក្ខម្តាយ
lines/2789.jpg	IV . សេចក្តីអធិប្បាយ
lines/2806.jpg	ពួកគេស្តាប់និងដើរតាមការណែនាំទាំងនោះ ប្រាកដណាស់
lines/2798.jpg	តើពាក្យទូន្មានមួយឃ្លាដែលគេពោលនេះមានបង្កប់នៅ
lines/2801.jpg	យល់គន្លិះពាក្យមួយចំនួនសិន។ពាក្យ "ព្រួយបារម្ភមានន័យថា
lines/2807.jpg	ពួកគេនិងសប្បាយចិត្ត។
lines/2800.jpg	មុននិងឈានចូលដល់ការបកស្រាយយើងគប្បីសិក្សាស្វែង
lines/2805.jpg	ដែលល្អ ចេះគោរពគួរសមដាក់មនុស្សជុំវិញខ្លួន។បើកូនរបស់
lines/2803.jpg	គ្រប់ក្រុមគ្រួសាទាំងអស់តែងតែមានកូន។ហើយពួកគេ
lines/2802.jpg	ការភ័យខ្លាច។រីឯពាក្យ "ថ្កុំថ្កើនវិញមានន័យថា ការរីកចម្រើន
lines/2804.jpg	តែងតែប្រៀបប្រដៅកូនៗរបស់ពួកគេឪ្យក្លាយទៅជាមនុស្ស
lines/2809.jpg	ពុកម្តាយនិងចាស់ព្រិត្តិចាពួកគេនិងក្លាយទៅជាមនុស្ស
lines/2799.jpg	អត្តន័យអប់រំដូចម្តេចខ្លះ?
lines/2808.jpg	កូនចៅដែលចេះស្តាប់ការណែនាំប្រៀនប្រដៅរបស់ឪ
lines/425.jpg	នូវភាពសុខសាន្តបានដែលគឺជាជីវិតរបស់ពួកគេទទួលបានពន្លឺត្រចះត្រចង់
lines/427.jpg	បានប្រើអំណាចជិះជាន់ធ្វើបាបរាត្រទន់ខ្សោយមិនយូមិនឆាប់ច្រើនតែងតែដួល
lines/426.jpg	នៅទីបំផុត។ជាក់ស្ដែងបើយ៉ាយើងក្រឡេកទៅមើលមេដឹកនាំមួយចំនួន
lines/428.jpg	រលំទៅវិញ។ឧតាហរណ៏នៅក្នុងរបបកម្ពុជាធិបតេយ្យប្រជាជធិបតេយ្យ
lines/429.jpg	ដែលពោពេញទៅដោយការកាប់សម្លាប់ការប្រព្រិត្រិ្តអំពើព្រៃផ្សៃ
lines/446.jpg	យោងតាមការបកស្រាយប្រធានខាងលើគេអាចវាយតម្លៃបានថាទស្សនះប្រធានខាង
lines/430.jpg	ធ្វើបាបទាំងផ្លូវកាយទាំងផ្លូវចិត្តបង្អត់ចំណីអាហារការបង្ខិតបង្ខំធ្វើការ
lines/447.jpg	លើនេះពិតជាត្រិមត្រូវណាស់ហើយក៏ជាគិតសម្រាប់មនុស្សទូទៅយកទៅពិចារណា
lines/448.jpg	ជាងដែលដើម្បីកសាងសង្គមជាតិឆ្ភោះទៅរកសុខសន្តិភាពុំក្នុងមានជាសិស្សានុសិស្សគួរ
lines/450.jpg	ដាសង្គមជាតិឆ្ភោះទៅរកការអភិវឌ្ឍជឿនលឿននិងរុងរឿង។
lines/449.jpg	គប្បីចូលរួមគោរពមនុស្សជុំវិញខ្លួននិងប្រកាន់ខ្ចាប់នូវធម័អហិង្សាដើម្បី
lines/432.jpg	យ៉ាងឈឺចាប់បំផុត។ចុងក្រោយប្រជាជនក៏បានក្រោកឈរឡើងបះបោរ
lines/436.jpg	ផលសោះហើយចោតនាងមានសាហាយនិងជាមួយអសុរះនេះហើយក៏ឪ្យ
lines/433.jpg	ដោយបង្កើតជារណសិរ្សរំដោះជាតិរហូតធ្វើអោយរបបនេះវិនាសសាបសូន្យ
lines/434.jpg	ទៅវិញ។តាមរយះរឿងរាមក្តេ៏ព្រះរាមគ្រាន់តែឃើញនាងៃីតាគូររូប
lines/431.jpg	ទាំងយប់ទាំងថ្ងៃគ្មានថ្ងៃសម្រាក់ដែលបង្កើតបាននូវសោកនាកម្ម
lines/440.jpg	ខ្លួនជាស្តេចផែនដីធ្វើអ្វីដោយមិនបានគិតគ្រប់ជ្រុងជ្រោយគិតថាអ្វីដែល
lines/435.jpg	ក្រុងរាពណ៏ភ្លាមក៏កើតសេចក្តីក្តៅក្រហាយនិងប្រច័ណ្ឌដោយគ្នាហេតុ
lines/439.jpg	រាមសោយទិវង្គត។ត្រង់នេះបានបញ្ជាក់ថាព្រះរាមអាងអំណាចអាង
lines/437.jpg	ព្រះរាមលក្សណ៏ចាប់នាងយកទៅប្រហាជីវិត។ក្រោយមកនាងក៏រួចផុតជីវិត
lines/438.jpg	ហើយនាងបានសន្យាថានាងនិងមិនវិលមកវិលចូលមកនរគវិញទេលុះត្រា តែព្រះ
lines/441.jpg	ខ្លួនធ្វើសុទ្ធតែត្រឹមត្រូវមិនសមហេតុផល។
lines/442.jpg	សរុបមកទោះនៅក្នុងគ្រួសារក្តីប្រទេសក្តីបើមានតែមានមនុស្សអាក្រក់ចូលចឹត្ត
lines/443.jpg	បង្កជម្លោះមិនចេះដោះស្រាយគ្នាតាមសន្តិវិធីអាងតែកម្លាំងបាយអំណាច
lines/444.jpg	មិនចេះគោរពច្បាប់រំលោបសិទ្ធអ្នកដទៃនោះនិងនាំទៅរកភាពរឹងរពុំ
lines/445.jpg	មានសេចក្តីសិខរីកចម្រើនឡើយ។
lines/2230.jpg	I ,ពន្យន់ពាក្យ
lines/2231.jpg	ឧបាកល (កិ) ការធ្វើសកម្មភាពអ្វីមួយ ដែលមិនល្អ។
lines/2232.jpg	ព្រះសិសា (ន) ប្រាសាទថ្ម ឧ,ប្រាសទអង្គវត្ត។
lines/2233.jpg	ស្ងប់ស្ងែង (កិ) សសើរលើកឌង្កលន។
lines/2234.jpg	ពិស្ណុកា (ន) ជាទេវតាខាងឃើងដែលសម្រាចកិច្ចថ្វាយព្រះឥន្រ្ទ។
lines/2236.jpg	1,រឿង "ភ្នំបាយ៉ង់កោរនៅខេត្តកែ" ដកស្រ់ចេញពីរឿងព្រេងខ្មែរ។
lines/2238.jpg	ព្រះអង្គបានកោសក់ដើម្បីសាងអាណក់ហើយក៏ជាប់ឈ្មោះព្រះបាទបាយ៉ង់កោរ
lines/2235.jpg	II .ចម្លើយ
lines/2237.jpg	ភាគ5។ ចានជាមានឈ្មោះថា " ភ្នំបាយ៉ង់កោង"ព្រោះព្រះអង្គបានសម្រាចបំណង
lines/2242.jpg	- សូមអោយជូបកន្លែងដែលស្ងប់សុខ។
lines/2239.jpg	ភ្មំបាយ៉ង់កោរជន់សព្វថ្ងៃ។
lines/2241.jpg	អារក្សួឹកថា
lines/2240.jpg	2,ព្រះបាយ៉ង់កោរត់ភៀសខ្លួនចេញពីស្តេចសៀម ព្រះអង្គបានបន់ស្រន់ទេវតា
lines/2243.jpg	-
lines/2247.jpg	ព្រះឥន្រ្ទដាក់ទោសមករស់នៅជាមួយតាលឹមសេងចំនួន6ឆ្នាំ។
lines/2244.jpg	- សូមអោយពួកសៀមតាមមិនទាន់
lines/2245.jpg	3,បានជានាងទិព្វសុតាចន្ទ ចុះមករស់នៅជាមួយតាលឹមសេងនៅឋានមនុស្សលោក
lines/2246.jpg	ព្រៅនាងទិព្វសុតាចន្ទបានលួចបេះផ្កាតាលឹមសេងចំនួន6ទងហើយត្រូវបាន
lines/2248.jpg	4,ព្រះពិស្ណុកា បានរៀនវិជ្ជាផ្សេងៗទៀតពីរ
lines/2249.jpg	ទេវបុត្រពីឋានព្រះឥន្ឬ្ទ។
lines/1121.jpg	IV
lines/1122.jpg	1.ដែលហៅថា គុណនាមគឺការបញ្ចាក់ ឈ្មោះ សត្វ មនុស្ស រុក្ខជាតិ វត្ថុនិងទីកន្លឬង
lines/1125.jpg	គុណនាមកំណត់
lines/1123.jpg	គុណនាមមាន6
lines/1127.jpg	- គុណនាមប្រក្រតីសម្រាប់លក្ខណះធម្មតា ឬសម្តែងគុណលក្ខណះរបស់គុណម
lines/1124.jpg	-គុណនាមប្រក្រតី -គុណនាមអង្អុល -គុណនាមកំណត់ -គុណនាមសំណួរ
lines/1130.jpg	មិនច្បាស់ ជិត ចម្ងាយជាដើម។
lines/1126.jpg	2,គុណនាមនិយមន័យគុណនាម
lines/1135.jpg	+គុណនាមកំំណត់
lines/1128.jpg	នុស្សសត្វនិងទីកន្លែង។
lines/1131.jpg	គុណនាមសំណួរចំនួន បង្ហាញចំនួន បរិមាណនិងលំដាប់។
lines/1129.jpg	-គុណនាមកំណត់សម្រាប់ប្រាក់ការបង្ហាញ សភាព ចម្ងាយ ច្បាស់
lines/1133.jpg	៣ ល្បះ+គុណនាមប្រក្រតី
lines/1134.jpg	-បារីគ្មានដលល្អដល់សុខភាពឡើយ។
lines/1132.jpg	-គុណនាមតាមសំណួរសម្រាប់រកភាពលក្ខណះចំនួន ពិតប្រាកដរបស់មនុស្សសត្វវត្ថជាដើម
lines/1136.jpg	-ខ្ញុំទៅរៀននៅស្នឹងគេទៅរៀននៅភ្នំសំពៅ
lines/1137.jpg	+គុណនាមកម្មសិទ្ធ
lines/1138.jpg	-កង់នេះជារបស់ខ្ញុំ។
lines/1141.jpg	+គុណនាមចំនួន
lines/1142.jpg	-ខ្ញុំរៀនថ្នាក់ទីបងខ្ញុំរៀនថ្នាក់ទី១១។
lines/1139.jpg	+គុណនាមចំនួន
lines/1140.jpg	-តើម៉ែខ្ញុំធ្វើដំណើរទៅវត្តណា ?
lines/1592.jpg	-អ្នកគ្រប់គ្នាកុំពុងប្រឡង។
lines/1593.jpg	-អ្នកភូមិខ្ញុំទៅលេងវត្ត។
lines/1594.jpg	-អ្នកគ្រូកំពុងពន្យល់សិស្ស
lines/1585.jpg	-អង្គវត្តស្ថិតនៅខេត្តសៀមរាប។
lines/1578.jpg	- ពូខ្ញុំជាកសិករ។
lines/1590.jpg	៣,ដែលហៅថានាមសាធារណឬសាធារណនាមគឺនាមសម្តែងសភាពឬលក្ខណះអ្វីមួយ
lines/1595.jpg	-អ្នកស្រុកខ្ញុំទៅលេងស្រែ។
lines/1576.jpg	1.ដែលហៅថានាមសាធារណឬសាធារណនាមគឺនាមសម្តែងឈ្មោះ
lines/1596.jpg	៤,ដែលហៅថានាមការណ៍ឬនាមការណ៍គឺសម្រាប់សម្តែងម្នាក់ធ្វើអំពើឬសកម្មភាពលក្ខណះណាមួយ៖
lines/1591.jpg	-អ្នកភូមិខ្ញុំមានគោរច្រើន។
lines/1575.jpg	១,ដែល
lines/1577.jpg	ទូទៅមិនចំពោះ។
lines/1588.jpg	- ចែពេជ្រលក់បាយឆា។
lines/1589.jpg	- បងយ៉ាបងទៅបង់ត្រី។
lines/1579.jpg	-សៀវភៅនេះមានរឿងនិទានច្រើន។
lines/1586.jpg	-ធារីជាសិស្សពូកែ។
lines/1580.jpg	- ផ្សារនេះមានអីវ៉ាន់លក់ច្រើន។
lines/1581.jpg	- ទឹកនេះថ្លាណាស់។
lines/1583.jpg	២,ដែលហៅថានាមសាធារណឬសាធារណនាមគឺនាមសម្តែង
lines/1582.jpg	- មីងខ្ញុំទៅស្រែ។
lines/1584.jpg	ឈ្មោះមិនទូទៅចំពោះប្រាក់ច្បាស់លាស់។
lines/1587.jpg	- លោកតាដំបង់ក្រញូងស្ថិតនៅខេត្តបាត់នង។
lines/2292.jpg	ម្តាយឪពុកមិនត្រូវធ្វើឪ្យពួកមិនត្រូវធ្វើឪ្យពួកគាត់ខ្មាស់គេដោយសារតែទង្វើរបស់កូនឡើយ
lines/2290.jpg	បោកប្រាស់ក្រុមគ្រួសារស្រលាញ់ឪពុកម្តាយ។ត្រូវបំពេញច្បាប់ជាកូនឪ្យបាន
lines/2291.jpg	ល្អគ្រប់គ្រាន់ពួកគាត់និងមានមោទតនភាពចំពោះកូនដែលចេះគិតគូរយល់ចិត្ត
lines/2288.jpg	ដើរផ្លូវសច្ចធម៏ចេះរៀនសូត្រមិនភូតកុហកអ្នកដទៃធ្វើអំពើល្អចេះគួរសម
lines/2289.jpg	ជាមួយនិងមនុស្សជុំវិញខ្ឡួនអោយតម្លៃគ្រួសារចេះស្រលាញ់បងប្អូនមិន
lines/2304.jpg	ចង់ឃើញកូនដើរផ្លូវល្អនិងមានមុខមាត់ត្រឹមត្រូវមានការងារល្អធ្វើនិងចេះគោ
lines/2293.jpg	សូម្បីតែមេមាន់ក៏វាចេះស្រលាញ់កូនវាដែលទោះកូនវាលង់ទឹកចិត្តជា
lines/2305.jpg	រពស្រលាញ់អ្នកដទៃមិនកោងប្រវញ្ញគេមិនខ្សែរលើត្រូវធ្វើជាមនុស្សដែល
lines/2306.jpg	ជាគំរូល្អ សម្រាប់មនុស្សគ្រប់គ្នា។
lines/2294.jpg	ម្តាយក៏មិនដាច់ចិត្តទុកកូនចោលដែលវាខំស្រែកយំដើម្បីឪ្យគេលឿមក
lines/2297.jpg	សរុបសេចក្តីមកពាក្យទូន្មាននៅខាងលើបានអោយយើងយល់ថាយ៉ាងច្បាស់
lines/2300.jpg	ពួកគាត់លំបាកយ៉ាងណាក៏ដោយក្នុងចិត្តជាម្តាយឪពុកក៏មិនបោះបង់ពួកគាត់ដែលគាត់នៅតែតស៊ូ
lines/2307.jpg	ប្រធានខាងលើនេះចង់អប់រំកូនៗគ្រប់គ្នាចេះគិតមុននិងធ្វើអ្វីមួយ
lines/2301.jpg	គ្របើឧបសគ្គជំនះនៅអ្វីៗដើម្បីឪ្យកូនរស់នៅបានសុខមិនខ្វាល់ពីទុក្ខលំបាក់របស់
lines/2295.jpg	ជួយកូនវាទោះមិនជាវាមិនមាចហក់ទឹកទៅជួយបានក៏ដោយតែមេមាន់នៅតែ
lines/2308.jpg	ចេះស្រលាញ់បងប្អូនមិនធ្វើឪ្យបាក់មុខមាត់កេរ្តិ៏ឈ្មោះគ្រួសារឡើយធ្វើឪ្យគ្រួ
lines/2299.jpg	មិនបោះបង់កូនទេ គុណឪពុកម្តាយធំធេងណាស់គ្មាអ្វីមកប្រៀបបានឡើយទោះ
lines/2296.jpg	ខាំវិជ្ជាសាស្រ្តដើម្បីជួយកូនវាមិនថាកូននៅក្នុងកលះទស័កណាក៏ដោយ។
lines/2309.jpg	សារថ្កុំថ្កើងរុងរឿងមានសេចក្តីសុខគ្រួសារមិនបាក់មុខគ្រួសារសម្បូរញាតិ
lines/2302.jpg	ខ្លូនឡើយ។កូនៗត្រូវអោយតម្លៃកេតិ្តយសគ្រួសារមុននិងធ្វើអ្វីមួយត្រូវ
lines/2310.jpg	នាក់ជិតខាងមិនរើសអើងដោយកើតចេញពីកូនៗគ្រប់គ្នាត្រូវខិតខំរៀនសូត្រដើម្បីខ្លូនឯង។
lines/2303.jpg	ចេះគិតពិចារណាមិនត្រូវធ្វើអ្វីតាមតែចិត្តខ្លួនឡើយ។ម្តាយឪពុកតែងតែ
lines/2298.jpg	ថាទឹកចិត្តម្តាយពិតជាមានតម្លៃណាស់មិនថាកូនធ្លាក់ដល់ចំណុចណាឪពុកម្តាយ
lines/2625.jpg	សរុបសេចក្តីមកកូនកាចពិតជាបំពេញទុកឪពុកម្តាយពិប្រាកដមែនរីឯកូនស្ងូតពិត
lines/2628.jpg	ដល់ក្មេងឪ្យចេះស្តាប់ការទូន្នានឪពុកម្តាយមិនធ្វើឪ្យអ្នកទាំងពីរព្រួយបារម្ភ។
lines/2626.jpg	ជាជួយឪ្យមេបាថ្គុំថ្កើងកេរ្តិ័ឈ្មោះពិតប្រាកដមែន។
lines/2627.jpg	យ៉ោងមកតាមការមកស្រាយខាងលើប្រធានខាងពិតជាមានតម្លៃអប់រម្យរំណាស់
lines/2631.jpg	ពីព្រោះពួកគាត់មិនមានគោលបំណងអ្វីក្រៅពីចង់ឪ្យកូនៗរបស់ខ្លួនល្អនោះឡើយ។
lines/2630.jpg	ក្នុងនាមពួកយើងជាកូនៗត្រូវចេះគោរពឪ្យតម្លៃឪពុកម្តាយដែលជាអ្នកមានគុណរបស់យើង
lines/2629.jpg	ក្នុងនាមខ្ញុំជាកូនម្នាក់គឺត្រូវស្តាប់បង្កាប់ត្រូវវចេះ
lines/715.jpg	ជាការពិតណាស់នៅក្នុងគ្រួសារនីមួយៗ តែងតែមានបញ្ហាតិចឬច្រើន
lines/716.jpg	ចៀសមិនផុតពីការប៉ះទង្គិចគ្នា ដូចជាចានតែងតែប៉ះទង្គិចគ្នានៅពេលនៅក្នុងរាវតែមួយ។
lines/717.jpg	យ៉ាងណាមិញ បុគ្គលម្នាក់ៗខ្វះការអត់ធ្មត់ អធ្យាស្រ័យ ការអភ័យទោស
lines/718.jpg	ហើយដោះស្រាយបញ្ហាដោយកម្លាំងបាយ រកណាខ្លាំងអ្នកនោះឈ្នះ វាយ
lines/720.jpg	ជាប់គុកច្រវាក់ ទោះ គ្រួសារមានទ្រព្យសម្បត្តិ ប្រើប៉ុណ្ណោះក៏ដោយ ក៏មិនអាចស្វែងរ
lines/719.jpg	ដំតប់កាប់ចាក់មិនប្រណី អាចមានអ្នកស្លាប់ឬក៏រស់ អ្នកខ្លះអាចមានទោស ទណ្ឌ
lines/721.jpg	រកសេចក្តីសុខបានឡើយ គឺច្រើនតែនាំមកនូវភាពកក់ក្តៅ។ ផ្ទុយទៅវិញ បើយើង
lines/723.jpg	គោរពគ្នាទៅវិញទៅមក ពេលមានបញ្ហាចេះដោះស្រាយដោយសន្តិវិធី
lines/722.jpg	សង្កេតមើលគ្រួសារដែលរស់នៅក្នុងភាពស្ងោប់ស្ងាត់ ៖ ចេះលើកលែង
lines/724.jpg	នោះជាដើមទុន ក្នុងការរស់នៅក្នុងភាពក្រឡំបាកយ៉ាងណាក៏ដោយ ក៏អាចទទួលបាន...
lines/700.jpg	ភមង្គល“។
lines/699.jpg	ប្រធាន ទស្សនះមួយលើកឡើងថាអំពើហិ” ង្សានាំអោយគ្រួសារបាត់បងបងសុ
lines/701.jpg	សេចក្តីអធិប្បាយ
lines/702.jpg	ក្នុងសង្គមបច្ចុប្បន្ន មនុស្សម្នាក់ៗតែងតែចង់បាននូវសេចក្តីសុខសន្តិភាព
lines/703.jpg	ដែលជាមាគាឆ្ពោះទៅរកសុភមង្គល ដោយឡែកក្នុងបរិបទដែលមាន
lines/704.jpg	តែអំពើសាហាវនិងការគាបសង្កត់ ច្រើនតែងផ្តល់នូវភាពក្តៅក្រហាយក្នុងក្រុម
lines/705.jpg	គ្រួសារទាំងផ្លូវកាយផ្លូវចិត្ត ដែលជាមូលហេតុធ្វើឱ្យកើតសេចក្តីអសុភមង្គលនៅក្នុងគ្រួសារ
lines/706.jpg	ហេតុដូចនេះហើយទើបមានទស្សនៈមួយបានលើកឡើងថា “អំពើហិង្សាធ្វើឱ្យគ្រួ
lines/709.jpg	ដើម្បីងាយស្រួលដល់ការបកស្រាយយើងគប្បីយល់ពីពាក្យគន្លឹះមួយចំនួនសិន។
lines/707.jpg	សារបាត់បង់សុភមង្គល” ។
lines/710.jpg	ពាក្យ “អំពើហិង្សា” មានន័យថាជាអំពើដែលប្រកបដោយគ្មានសេចក្តីមេត្តាដោះស្រាយ
lines/711.jpg	ដោយកម្លាំង។ ឯពាក្យ “សុភមង្គល” មានន័យថា ការរស់នៅដោយមានសេចក្តី
lines/708.jpg	តើប្រធានខាងលើមានន័យយ៉ាងដូចម្តេច?
lines/713.jpg	សុខ។ដូចនេះប្រធានខាងលើចមានន័យថា ទង្វើដែលប្រកបដោយសេចក្តីមិនមេត្តា
lines/714.jpg	ឬការដោះស្រាយបញ្ហាដោកំហឹងនាំឪ្យគ្រួសារបាត់បង់សេចក្តីសុខ។
lines/2714.jpg	III.វេយ្យាករណ៍
lines/2709.jpg	2, ចំណុចណាបញ្ជាក់ពីអត្តសញ្ញាណជាតិខ្មែរនៅក្នុងរឿងទំនៀមចោះត្រចៀកកូនស្រីគឺជាការ
lines/2710.jpg	ចោះក្រចៀកកូនគឺជាការទំតែងខ្លួនឪ្យស្រល់ស្អាតឬជាគ្រាន់លម្អកខ្លួនសម្រាប់កូនស្រីគ្រប់ៗរបផងដែរ។
lines/2716.jpg	2, តែងល្បះឪ្យបានពីរ
lines/2711.jpg	3, ដែលហៅថាកាលកំណត់តែងសង្គមបរីយាកាលគឺជាថ្លៃខែឆ្នាំខែអ្នកនិពន្ធសរេសរជាប់
lines/2712.jpg	សព្វគ្រប់ហើយអ្នកនិងនិពន្ធបានបញ្ជាក់ពីរស្នាដៃរបស់ខ្លួនយ៉ាងពិតប្រាដក។
lines/2713.jpg	សង្គមបរិយាកលគឺជាសង្គមដែលអ្នកនិពន្ធបានសរេសររៀបរាប់ពីសម័យណាមួយ។
lines/2715.jpg	1,
lines/2717.jpg	- នាក់ជានាក់ណា។
lines/2718.jpg	- នាក់គឺជាំសីកា។
lines/2702.jpg	ប្រណាក ( )
lines/2701.jpg	I ,ពន្យល់ពាក្យ
lines/2706.jpg	អលង្គារ (ន) គឺជារឿងលម្អសម្រាប់តុបតែងខ្លួន។
lines/2703.jpg	គោក ( )
lines/2705.jpg	ទាសី ( គុ ) ទាសីគឺជា ខ្ញុំបម្រើស្រី
lines/2704.jpg	បន្ទារ ( )
lines/2707.jpg	ចម្លើយ
lines/2708.jpg	1,ប្រាប់ពីរវិធីតែងនិពន្ធត្រង់ចំណុចករបញ្ជាក់រឿងនៅខ្លះសប្បាយរីករាយខ្លះទៀតបំជាប់នៅកើតទុក្ខខ្លះទៀតសោមសៅ។
lines/2444.jpg	ដោយមិនគំរោះគំរើយដាក់ឪ្យម្តាយឪពុកឡើយ។ហេតុនេះហើយទើបមានពាក្យ
lines/2451.jpg	បើស។ពាក្យ គួរម មានន័យថាការចេះគួរសមជាឪពុកម្តាយនិងចាស់ទុំ។
lines/2447.jpg	តើមតិខាងលើមិនជាមានន័យអប់រំដូចម្តេចខ្លះ?
lines/2459.jpg	ឪពុកម្តាយមិនត្រូវធ្វើឪ្យគាត់ព្រួយបារម្ភនោះឡើយមិនត្រូវឪ្យពួកគាត់ចាំមើលផ្លូវយើង
lines/2438.jpg	III តែងសេចក្តី
lines/2440.jpg	កូនស្លូតចេះតួរសម មែបាផ្តុំថ្កើងកេរ្តីឈ្មោះ “
lines/2442.jpg	ក្នុងសង្គមគ្រួសានីមួយៗតែងតែមានឪពុកម្តាយចាំទូន្មានប្រៀនប្រដៅឪ្យកូនចេះ
lines/2454.jpg	ប្រធានខាងលើមិនជាមានតម្លៃអប់រំយើងថាមើកូនកាចនោះគឺជាកូនមិនស្តាប់បង្កាប់
lines/2457.jpg	ជាការពិតណាស់យើងជាកូនៗតែងតែមានឪពុកម្តាយហំទូន្មានប្រៀនប្រដៅយើង
lines/2439.jpg	ប្រធាន ពាក្យទូន្មានមួយឃ្លាពោលថា” កូនកាចបំពេញទុក្ខម្តាយឪពុកព្រួយបារម្ភ
lines/2445.jpg	ទូន្មានមួយឃ្លាពោលថា”កូនកាចបំពេញទុក្ខម្តាយឪពុកព្រួយបារម្ភ កូនស្លូតចេះតួរ
lines/2448.jpg	ដើម្បីជាស្ពានឈានដល់ការបកស្រាយប្រធានខាងលើយើងគួរគប្បីយល់នៅពាក្យ
lines/2441.jpg	សេចក្តីអធិប្បាយ
lines/2446.jpg	សម មែបាផ្តុំថ្កើងកេរ្តីឈ្មោះ “។
lines/2450.jpg	ឪពុកម្តាយ។ពាក្យ កូនស្លូត មានន័យថា គឺកូនស្តាប់បង្គាប់ឪពុកម្តាយមិនច្រលើស
lines/2443.jpg	ឪ្យស្រលាញ់គ្នានិងស្តាប់បង្កាប់ម្តាយឪពុកចេះគួរសមចំពោះចាស់ព្រេតធារ្យចារពាក្យ
lines/2449.jpg	គន្លិះមួយចំនួនសិន។ពាក្យ កូនកាច មានន័យថា គឺកូនមិនស្តាប់បង្គាប់ទូន្មាន
lines/2453.jpg	ទូន្មានន័យថាគឺជាឪពុកម្តាយឬព្រះកន្លង។
lines/2458.jpg	ជានិច្ច ម្តាយឪពុករបស់យើងប្រៀបដូចជាព្រះរស់របស់យើងគួរតែរៀនសូត្រនិងយកគំរូតាម
lines/2452.jpg	ពាក្យ "ថ្កុំថ្កើង មានន័យថា កេរ្តិ៏ឈ្មោះល្បីល្បាយរុងរឿងល្អប្រសើរ។ពាក្យ"មេបា"
lines/2456.jpg	ពេលឃើញកូនចេះគួរសមជាមួយចាស់ទុំ។
lines/2455.jpg	ទូន្មានប្រៀនប្រដៅឡើយ។តែបើកូនស្លូតចេះគួរសមវិញនោះឪពុកម្តាយសប្បាយចិត្ត
lines/1538.jpg	៤,មីងណាក់បានទៅចម្កាជាមួយពូណាសង។
lines/1539.jpg	៥,ពូនាងបានទៅលេងប្រសាទព្រះវិហារដែលស្ថិតនៅប្រទេសកម្ពុជា។
lines/1532.jpg	៥,មីងនោះបានទៅចម្ការ។
lines/1529.jpg	២,ពលករទៅធ្វើសំណង។
lines/1530.jpg	៣,កម្មករទៅដកដំឡូង។
lines/1543.jpg	២,គ្រួសារខ្ញុំរស់ដោយសេចក្តីសុខសាន្ត។
lines/1542.jpg	១,ខ្ញុំបានឃើញគ្រួសារមួយមានសេចក្តីសុខណាស់។
lines/1547.jpg	៥,ខ្ញុំបានឃើញមនុស្សមួយក្រុមបងចំមួយក្រុមហើយមានមនុស្សជាច្រើនមានសេមកោត
lines/1553.jpg	៣,ខ្ញុំនាមឃើញកូនអ្នកធំ។
lines/1545.jpg	ស្សដែលគាត់សង្ស័យ។
lines/1549.jpg	៤,ដែលហៅថានាមការណ៍ឬនាមការណ៍គឺសម្រាប់សម្តែងម្នាក់ធ្វើអំពើឬសកម្មភាព
lines/1552.jpg	២,គាត់គឺជាអ្នកឈ្នូញដូរមនុស្ស។
lines/1551.jpg	១,គាត់ជាអ្នកយាមផ្ទះឪ្យគេ។
lines/1554.jpg	៤,ខ្ញ។មានបង្អូនជាកូនអ្នកធំ។
lines/1546.jpg	៤,មនុស្សម្នាក់ត្រូវមានសេចក្តីសុខត្រូវមានការអត់ធ្មត់។
lines/1544.jpg	៣,ខ្ញុំបានឃើញប៉ូលិសមួយក្រុមកំពុងដើរសង្កេតមើលមានការសង្កេតមើលមនុ
lines/1550.jpg	លក្ខណះអ្វីមួយ។តែងល្បះឪ្យបាន៥
lines/1548.jpg	ខ្លោចជាខ្លាំង
lines/1534.jpg	មិនទូទៅចំពោះប្រាកដច្បាស់លាស់។តែងល្បះនាមអសារណឪ្យបាន៥
lines/1533.jpg	2,ដែលហៅថាមានសាធារណឬអសាធារណនាមគឺនាមសំដែងនូវឈ្មោះ
lines/1535.jpg	១,នៅក្នុងប្រទេសកម្ពុជាមានប្រសាទបន្ទាយស្រី។
lines/1540.jpg	៣,ដែល ហៅថានាមករណ៍ឬករណនាគឺជានាមដែលសម្តែងសកម្មភាពលក្ខណះ។
lines/1531.jpg	៤,ពូនោះបានទៅចម្ការ។
lines/1536.jpg	២,នៅឯខេត្តសៀមរាបមានប្រសាទអង្គវត្តដ៏ស្រស់ស្អាត។
lines/1541.jpg	នាមករណ៏មានដើមកំណើតពីកិរិយាសព្ទនិងគុណនាម។តែងល្បះឪ្យបាន៥
lines/1537.jpg	៣,ពូសំបានទៅខេត្តកំពូតជាមួយគ្រួសាររបស់គាត់។
lines/1473.jpg	1,នាមសាធារណ៍ឬសាធារណនាគឺជានាមដែលសម្តែងឈ្មោះមិនទូទៅចំពោះ។
lines/1479.jpg	4,ខ្មែរយើងមានបុណ្យប្រពៃណី។
lines/1476.jpg	1 កសិករបានជីនៅក្នុងស្រែ។
lines/1484.jpg	2,នៅប្រទេសកម្ពុជាមានការរីកចម្រើន។
lines/1472.jpg	II នាមសាធារណ៏ឬសាធារណនាមគឺជានាម
lines/1485.jpg	3,នៅឯងភ្នំពេញមានការីកជឿនលឿន។
lines/1483.jpg	1,ប្រសាទបន្ទាយស្រីស្ថិតនៅខេត្តសៀមរាប។
lines/1467.jpg	I .ពន្យល់ពាក្យ
lines/1482.jpg	មិនទូទៅចំពោះប្រាកដច្បាស់លាស់។
lines/1475.jpg	II នាមសាធារណ៏ឬសាធារណនាមគឺជានាមគឺជានាមសំដែងឈ្មោះទូទៅមិនចំពោះ។
lines/1481.jpg	2,ដែលហៅថាមានសាធារណគឺនាមសម្តែងឈ្មោះ
lines/1468.jpg	ឧបាយកល(ន) ការៀបចំល្បិចយ៉ាងល្អិតល្អនម៉ត់ចត់។
lines/1477.jpg	2,នៅសាលារៀខ្ញុំមានគ្រូបង្រៀនច្រើន។
lines/1469.jpg	ព្រះសិសេា(ន) ក្បាល។
lines/1480.jpg	5,ប្រទេសកម្ពុជាមានប្រសាទ។
lines/1478.jpg	3,ប្អូនខ្ញុំអានសៀវភៅ។
lines/1470.jpg	ស្ងាប់ស្ងែង(ន)ការសសើរ លើកដង្កើន។
lines/1474.jpg	ខ ក 2,
lines/1486.jpg	4,ខ្មែរយើងមានពិធីបុណ្យផ្កាប្រាក់។
lines/1471.jpg	ពិស្ណុការ(ន)អ្នកដែលសាងសង់ប្រាសាទឋានសួគ៏។
lines/1487.jpg	5,ប្អូនខ្ញុំឈ្មោះធីតាកំពុងរៀន។
lines/2810.jpg	I.
lines/2811.jpg	ទាសី (គ) អ្នកបំរើស្រី?
lines/2812.jpg	ទាសី (ន) អ្នកបម្រើស្រី។
lines/2813.jpg	អលង្ការ (ន) គ្រឿងតុបតែងខ្លួន មានដូចជា ។
lines/2814.jpg	ប្រណាក( )
lines/2821.jpg	ត្របៀកកូនស្រ្តីគឺត្រង់កន្លែងដែលប្តីបានឆ្មៃដែកគោលមានសម្រាប់
lines/2820.jpg	2,ចំណុចដែលបញ្ជាក់ពីអត្តសញ្ញាណជាតិខ្មែរនៅក្នុងរឿង ទំនៀមចោះ
lines/2818.jpg	អ្នកនិពន្ធបញ្ជាប់រឿងដោយតួង្គស្លាប ខ្លះបញ្ជប់រឿងដោយ
lines/2816.jpg	II
lines/2819.jpg	តួអង្គរស់ ខ្លអតួអង្គពិបាកកោកយ៉ាក ខ្លះតួអង្គមានសុភមង្គល?
lines/2817.jpg	1. វិធីតងនិពន្ធត្រង់ចំណុចបញ្ជាប់រឿងមាន
lines/2823.jpg	3
lines/2825.jpg	ឆ្នាំ ដែលអ្នកនិពន្ធបានតាក់តែងរួចនិងបោះពុម្ភផ្សាយ។
lines/2822.jpg	បិតបាំងត្រចៀកប្រពន្ធចុងដែលប្រពន្ធដើមបានកោះ?
lines/2826.jpg	សង្គមបរិយាកាសគឺជាការយកចំណុចសំខាន់ៗ នៅសម័យណាមួយ
lines/2824.jpg	3,ការកំណត់តែងគឺជាការកំណត់យករយះពេលថ្ងៃ ដ្ងៃខេ
lines/2827.jpg	ដឬលដំណើររឿងប្រព្រឹត្តិទៅ។
lines/864.jpg	ប្រាជ្ងា ដោះស្រាយបញ្ហាដោះកម្លាំងបាយជាតិ
lines/865.jpg	មិនចេះយកយល់អធ្យាស្រ័យឪ្យគ្នានិងធ្វើមានការវាយជំគ្នា បែកបាក់
lines/866.jpg	ប្រពន្ធកូន ឪ្យកូនកំព្រាម៉ែឪពុក គ្រួសារ
lines/872.jpg	គេមើលងាយនិងធ្វើបរទេសមិនចង់មកលេងកម្សាន្តឡើយព្រកាល
lines/867.jpg	ខ្វះភាពកក់ក្ដៅ ចំណូលគ្រួសារមានភាពចុះ។ធ្វើឪ្យសង្គមកាលណាគ្រួសារបែកបាក់ហើយសេដ្ឋកិច្ច
lines/869.jpg	សុភមង្គល។កាណានៅក្នុងសង្គលមួយសម្បូរទៅមនុស្សដែលមានសម្ថត្តភាព
lines/868.jpg	ក្នុងគ្រួសារធ្លាក់ចុះកាលណាសេដ្ឋកិច្ចធ្លាក់ចុះធ្វើឪ្យមានការបាត់បង់
lines/873.jpg	ណាព្រោះគេគិតថាជាប្រទេសដែលគ្មានសុវត្ថិភាព។កាលណាដែល
lines/870.jpg	និងធ្វោះឪ្យសង្គមជាតិគ្មានការអភិវឌ្ឍរ៍ទៅមុខឡើយ។កាលណាសង្គម
lines/871.jpg	ជាតិមួយឬមួយឬប្រទេសមួយគ្មានការរីកចម្ហរើននិងធ្វើឪ្យជាតិសាសដទៃ
lines/877.jpg	ន្រុមកូនចៅធ្វើឪ្យសេដ្ឋកិចក្នុងគ្រួសារមានការធហលាក់ចុះកូនខ្វះ
lines/874.jpg	គ្មានភ្ងៀវទេសចរេមកលេងនិងធ្វើឪ្យប្រទេសបាត់បង់ប្រាកើចំណូលមួយផ្នែកផង
lines/875.jpg	ដែរ។យើងនិងហើយវាក្នុងសង្គមបច្ចប្បន្នគ្រួសារមួយណាដែលមានអំពើ
lines/878.jpg	ភាពកក់ក្តៅខ្វះការអប់រំ បាក់ទិត្តចិត្តមានវិប្បជិសារី។
lines/876.jpg	ហិង្សាកើតមាននិងធ្វលឪ្យគ្រួសារនោះបាត់បង់ក្តីសុខ បឬកបាក់
lines/879.jpg	សរុបសេចក្ដីមកយោះងឃើញថាអំពើហិង្សារក្នុងគ្រួសារគ្មានផ្តលផល់
lines/880.jpg	ប្រយោជន៍អ្វីឡើយដល់គ្រួសាគ្មានភាពកក់ក្តៅ ក្រួសារអប់រំនិងសង្គមឡើយគឺជាអ្វីឪ្យគ្រួសារបែក
lines/883.jpg	ថាការប្រើអំពើហិង្សាមកដោះស្រាយបញ្ហាគ្មានថ្កល់ថលអ្វីឡើយនិងគ្នា
lines/884.jpg	សុភមង្គលក្នុងគ្រួសារហើយ។ដូចនេះក្នុងនាមយើងជាសិក្សាសិស្សានុសិស្ស
lines/882.jpg	ប្រធានខាងលើងទូន្មានព្រានប្រដៅយើងចង់ឪ្យមនុស្សម្នាក់ៗចឹង
lines/887.jpg	និងអភិវឌ្ឍរ៍គ្រួសារប្រទេសជាតិមានការរីកចម្រើន។
lines/885.jpg	យើងត្រូវខិតខំរឪនសូត្រក្រេបយកចំណ្ណោះវិជ្ជា ចេះស្ដាប់ដំបូលន្មានម៉ែឪ
lines/886.jpg	ធ្វើចិត្តឪ្យស្លូតបូតនិងមិនប្រព្រ្តិអំពើហិង្សា ដើម្បីឪ្យគ្រួសារមានសុភមង្គល
lines/1694.jpg	- ពូខ្ញុំជាកសិករ។
lines/1697.jpg	- ទឹកនេះថ្លាណាស់។
lines/1702.jpg	-ចែមុំលក់បាយ។
lines/1692.jpg	III វេយ្យករណ៏
lines/1699.jpg	2,ដែលហៅថានាមសាធារណឬសាធារណនាមគឺនាមសម្តែងឈ្មោះមិនទូទៅចំពោះពិត
lines/1701.jpg	-តាដំបងក្រញូងនៅខេត្តបាត់ដំបង។
lines/1698.jpg	- មីងខ្ញុំទៅស្រែ។
lines/1704.jpg	-ចែមុីលក់ម្ហូប។
lines/1709.jpg	-ខ្មាំងកាំភ្លើង
lines/1713.jpg	-អ្នកស្រែខំធ្វើការណាស់។
lines/1703.jpg	-ចែផល់លក់មាន់
lines/1707.jpg	-អ្នកកាពា
lines/1708.jpg	-អ្នកក្លាហាន
lines/1705.jpg	3,ដែល ហៅថានាមករណ៍ឬករណនាគឺជានាមដែលសំដែងលក្ខណះសកម្មភាពលក្ខអ្វីមួយ
lines/1711.jpg	- អ្នកស្រុក
lines/1714.jpg	-អ្នកភូមិធ្វើពិធីឡើងផ្ទះ។
lines/1695.jpg	- សៀវភៅនេះមានរឿងនិទានច្រើន។
lines/1696.jpg	- ផ្សារនេះមានអីវ៉ាន់លក់ច្រើន។
lines/1706.jpg	-អ្នកភូមិ
lines/1712.jpg	4,ដែលហៅថានាមការណ៍ឬនាមការណ៍គឺនាមសំដែងម្នាក់ធ្វើអំពើឬសកម្មភាពលក្ខណះអ្វីមួយ
lines/1693.jpg	1.ដែលហៅថានាមសាធារណឬសាធារណនាមគឺនាមសម្តែងឈ្មោះទូទៅមិនចំពោះ។
lines/1700.jpg	-អង្គវត្តស្ថិតនៅខេត្តសៀមរាប។
lines/1715.jpg	-អ្នកផ្សារលក់បន្លែ។
lines/747.jpg	របស់ថែមទាំងធ្វើអោយអ្នកដទៃកោសសើរគ្រួសាររបស់អ្នកថែមទៀតផងហើយកូនរបស់
lines/752.jpg	សរុបសេចក្តីមកប្រធានខាងលើចង់អោយយើងដឹងពើការប្រើប្រាស់
lines/750.jpg	ដែលប្តីតែងតែប្រើអំពើហិង្សាជាមួយនិងប្រពន្ធកូនប្រពន្ធគាត់តែងតែត្រូវបាន
lines/745.jpg	មានផងប៉ះពាលជាខ្លាំងដល់ខ្លួនអែង ។កាលណាបើគ្រូសារអ្នកមិនប្រើប្រាស់
lines/744.jpg	ប៉ុន្តែដូចច្នេះអ្នកមិនត្រូវប្រើអំអើហិង្សារឡើយពីព្រោះកាប្រើអំពើហិង្សាធ្វើឪ្យ
lines/748.jpg	អ្នកក៏គ្មានការគិតច្រើនដែល។ប៉ុន្តែប្រសិនបើកាលណាអ្នកប្រើប្រាស់អំពើហិង្សានៅក្នុងគ្រួសារ
lines/754.jpg	ទស្សនះខាងលើមានតម្លៃអប់រំយ៉ាងជ្រាជ្រៅសម្រាប់ឪ្យយើងមិនត្រូវប្រើ
lines/749.jpg	នោះគ្រួសារអ្នកគ្មានសេចក្តីសុខទេ។ឧទារហណ៍នៅក្នុងសង្គមជាតិយើងខ្ញុំឃើញគ្រួសារមួយ
lines/753.jpg	អំពើហិង្សានាំអោយគ្រួសារបាត់បងសុភមង្គលនៅក្នុងគ្រួសារនិងអនាគតផ្ទាលខ្លួន។
lines/755.jpg	អំពើហិង្សាឡើយមាននាំឪ្យគ្នាសុភម្តលក្នុងគ្រួសារ។
lines/756.jpg	ក្នុងនាមខ្ញុំជាសិស្សខ្ញុំគម្បីនិងខិតខំរៀនសូត្រន្រឹងប្រែងរៀនសូត្រនិងមិនមាន
lines/746.jpg	អំពើហិង្សានោះគ្រួសារអ្នកនិងទទួលបានសេចក្តីសុខមានភាពល្អប្រសើរនៅក្នុងគ្រួសា
lines/751.jpg	ប្តីគាត់វាយដំនិងឈ្លោះប្រកែកគ្នារាល់ថ្ងៃធ្វើអោយកូនគាត់គ្មានសុភមង្គល។
lines/1867.jpg	-អ្នកក្រុងសុិទ្ធតែអ្នកមានជីវះភាពល្អ។
lines/1866.jpg	-អ្នកអាងអណណាច់ធ្វើបានអ្នកទន់ខ្សល់។
lines/1863.jpg	-អ្នកមានតែងតែជួយអ្នកក្រ។
lines/1864.jpg	-អ្នកស្រុកខ្ញុំសិទ្ធតែគោរពចរាចរណ៏។
lines/1861.jpg	4,ដែលហៅថានាមការណ៍ឬនាមការណ៍គឺសម្រាប់សម្តែងម្នាក់ធ្វើ
lines/1865.jpg	-ថ្ងៃនេះអ្នកភូមីខ្ញុំទៅបោះឆ្នោត។
lines/1862.jpg	អំពើឬសកម្មភាពលក្ខណះបែបណាមួយ។
lines/1313.jpg	-ផ្សាភ្នំសំពៅមានលក់ត្រីស្រែច្រើនណាស់
lines/1315.jpg	-មនុស្សកំពុងហោះ
lines/1307.jpg	2,តែល្បះដោយប្រើអសាធារណ៍នាម
lines/1324.jpg	-ទង្វើរបស់អ្នកមិនល្អឡើយ
lines/1312.jpg	-មន្ទីពេទ្យវាជាកន្លែងព្យាបាលជំងឺ
lines/1322.jpg	-ការគោរពច្បាបើវាជាទំលាបប្រពៃ
lines/1323.jpg	-ភាពថ្លៃថ្នូររបស់មនុស្សកើតចេញពីការគោរពវិន័យ
lines/1317.jpg	-គោរមាមប្រមោយ
lines/1320.jpg	3 តែងល្បះករណនាម
lines/1311.jpg	-សិស្សានុសិស្សតម្រូវអោយពាក់អាវសរ
lines/1309.jpg	-នៅស្រុកបាណនមានណូរី
lines/1321.jpg	-អំពើអកុសលនាំមកនូវសេចក្តីទុក្ខ
lines/1308.jpg	-នៅកំពង់សោមមានសមុទ្រ
lines/1318.jpg	-ដំរីគាត់មាមប្រមោយ
lines/1310.jpg	-សិស្សនុ
lines/1314.jpg	-តែងល្បះដោយប្រើសាធារណ៍នាមដូចខាងលើដែល
lines/1319.jpg	-ម៉ូតូជិះលើមេឃ
lines/1316.jpg	-ឆ្កែមានជើងប្រាំ
lines/1069.jpg	ចឹត្តសិងតែបង្កគ្រោះថ្នាក់បង់បាត់បង់ថ្នាក់ដល់អ្នកដទៃសង្គមគ្រួសារនិងខ្លួនយើងផ្ទាល់ផងដែល
lines/1070.jpg	បែបនេះហើយទើបមិនត្រូវឪ្យមានអំពើហិង្សារក្នុងគ្រួសារឬនៅទីកន្លែងផ្សេងៗវាបង្កបហន្តរាយ
lines/1071.jpg	ជាច្រើន។
lines/1072.jpg	ជាបញ្ចប់ក្នុងនាមខ្ញុំជាសិស្សនុសិស្សម្នាក់និងខិតខំរៀនឪ្យមានគំនិតចំណោះចេះគិតនិងជាសឪ្យ
lines/1073.jpg	ឆ្ងាយពីអំពើហិង្សារមិនប្រព្រិត្តជាមួយគ្រួសារមិនឬមិតភក្តិជាដើមឡើយ។
lines/1061.jpg	ពើហិង្សាកើតឡើងបានត់បង់ទ្រព្យសម្បត្តិជ្រលជ្រួសអាចបង្ករបួសាធ្ងន់ធ្ងរស្រាលអស់ប្រាក់កាក់ធ្ងន់អាច
lines/1058.jpg	ល្អដល់ក្មេងមនាបង្កឪ្យសង្គមយើងសព្វថ្ងៃនៅក្នុងបណ្តាញសង្គមមានតែការបំពិលនិងពីក្នង
lines/1062.jpg	ដល់ស្លាប់ដោយធ្វើអត្ថឃាតពីព្រោះរងសម្ពាធនិងពាក្យសម្ដីជេប្រម៉ាតឬរងអោយប្រើអំពើ
lines/1059.jpg	ក្នុងបណ្តាញសង្គមមកប្រើអំពើហិង្សានោខាងក្រៅជាំក់ស្ដែងនៅក្នុងសង្គមយើងផ្ទាល់រីឯនៅក្នុងគ្រួសារ
lines/1063.jpg	ហិង្សាជ្រយលបណ្តោលឪ្យមានក្មេងកំព្រាបាត់បង់ម្តាយឬឪពុកដូចក្នុងសង្គមយើងជាក់ស្តែងគ្រួសារ
lines/1060.jpg	បង្កឪ្យសមាជិកក្នុងគ្រួសារគ្មានសុភមង្គលបាត់បង់ភាពរីករាយកូនៗមានសុភមង្គលមានសម្ពាធបង្ករបួសនៅពេលមានអំ
lines/1064.jpg	ដែលមានអំពើហិង្សារគឺនៅក្នុងគ្រួសារមានសមាជិកនីមួយៗគឺគ្មានសេចក្តីសុខទាំងផ្លូវកាយផ្លូវចឹត្ត
lines/1068.jpg	សរុបសេចក្តីមកការប្រើប្រាស់កម្លាងបាយឬអ្វីក៏ដោយដែលជាអំពើហិង្សារមិនថាផ្លូវកាយផ្លូវ
lines/1065.jpg	សម្ពាធធ្ងន់ធ្ងរជួនការបែកបាក់គ្រួសារកូនកំព្រាឪពុកម្តាយអ្នកផ្សេងមិនឪ្យតម្លៃបាត់បង់កេក្តិយសដោយ
lines/1066.jpg	សារតែជម្លោះយប់ថ្ងៃមានអំពើហិង្សារអាចការជេស្តីពាក្យអសរួសបង្កការរំខាន់ដល់គេផងដែលហេតុនេះ
lines/1067.jpg	ហើយបានយើងមិនត្រូវប្រើអំពើហិង្សារ។
lines/1758.jpg	3.បានជាទិព្វសុតាចន្ទចុះមករស់នៅជាមួយតាមលឹមសេងព្រោះគាងបានកាច់ថ្កា
lines/1759.jpg	តាលឹមសេងចំនួន6ទងព្រះឥន្រ្ទជ្រាប់ក៏បានដាក់ទោសឪ្យនាងទិព្វសុតាចន្ទមករស់
lines/1760.jpg	នៅឋានមនុស្រយះពេល6ឆ្មាំធ្វើជាន្រពន្វតាលឹមសេង។
lines/1761.jpg	4,ព្រះពិស្ណុកាបានរៀនវិជ្ជាសំណង់និងសិល្បះពីរៀទេវបុត្រគូធ្លាក់ ស្លដែក
lines/1762.jpg	និងជំនាញផ្សេងទៀតទេវបុត្រនៅឋានព្រះឥន្រ្ត។
lines/2545.jpg	នៅក្នុងសង្គមយើងតែងតែបានដឹងបានឭនៅពាក្យថាកូនកាចបំពេញ
lines/2546.jpg	ទុក្ខម្តាយឪពុកព្រួយ បារម្ភ កូនស្លូតចេះគួរសមមេបាថ្កុំថ្កើងកេរ្តិ័ឈ្មោះ។
lines/2540.jpg	IV តែងសេចក្តី
lines/2541.jpg	ប្រធាន ពាក្យទូន្មានមួយឃ្លាពោលថា” កូនកាចបំពេញទុក្ខម្តាយឪពុកព្រួយ
lines/2544.jpg	សេចក្តីអធិប្បាយ
lines/2542.jpg	បារម្ភ កូនស្លូតចេះតួរសមមែបាផ្តុំថ្កើងកេរ្តីឈ្មោះ“។ចូលពន្យល់ដោយលើកឧទាហរណ៏
lines/2543.jpg	មកបញ្ជាក់ឪ្យបានក្បោះក្បាយ។
lines/2547.jpg	ហេតុដូចនេះហើយទើបមានពាក្យទូន្មានមួយឃ្លាពោលថា"កូនកោចបំពរញ
lines/2556.jpg	ស្រលាញ់ចូលចឹត្តយលងត្រូវតែធ្វើគំរូសម្រាប់ឪពុកម្តាយយើងនិងលោកគ្រូ
lines/2548.jpg	ទុក្ខម្តាយឪពុកព្រួយបារម្ភ កូនស្លូតចេះតួរសមមែបាផ្តុំថ្កើងកេរ្តីឈ្មោះ“។
lines/2553.jpg	ឬត្រូវខិតខំរៀនសូត្រូជាដើម។
lines/2549.jpg	ហេតុដូចនេះហើយទើបមានពាក្យទូន្មានខាងលើមានថាដូចម្តេច?
lines/2550.jpg	មុននិងឈានចូលក្និងការមកស្រាយប្រធាននេះយើងគួរគម្គីយល់ពាក្យមួយចំនួនសិន។
lines/2561.jpg	ភ្នំពេញឪពុកម្ដាយណារិនក៏មាន គំនិត.ផាត លក់ ដី ស្រែ យក លុយ ទៅ នៅ ភ្នំពេញ
lines/2564.jpg	ខិតខំរៀនសូត្រជាខ្លាំងព្រោះអីក្រុមគ្រួសាររបស់សុធាត់ជាអ្នកក្រចឹងហើយសុធាត់ត្រូវ
lines/2551.jpg	កូនកាចមានន័យថាកូនដែលមិនចេះស្តាប់ដំបូន្មានឪពុកម្តាយនិមិនធ្វើជាកូនល្អ។
lines/2552.jpg	កូនស្លូតមានន័យថាជាំកូនដែលចេះស្តាប់ទូន្មានឪពុកម្តាយនិងធ្វើជាកូនល្អ
lines/2563.jpg	ដ៏ធំមួយក្រុមគ្រួសារណារិនដើលេងឡូយឆាយសប្បាយរហូតចំណែកសុធាត់វិញ
lines/2559.jpg	សុធាតក៏ហៅណារិនទៅរៀនសុធាតរៀនពូកែជាងណារិន មិនខ្វោល់និងការ
lines/2558.jpg	ថ្ងៃមួយសិធាតនិងណារិទ្ធិបានជួយគ្នាហើយក៏របអានគ្នាចាប់ពេលនេះមក។
lines/2554.jpg	ជាការពិតណាស់ប្រធានខាងលើមានន័យចង់ឪ្យយើងធ្វើជាកូនល្អនៅក្នុងសង្គមព្រោះ
lines/2555.jpg	បើយើងធ្វើតាមយើងនិងខ្លាចជាមនុស្សដែលសង្គមចូលចិត្តនិងមនុស្សជាច្រើននិង
lines/2557.jpg	នាកគ្រូជាដើម។ឧទាហរណ៏រឿងសុផាតនិងរិនថៃ
lines/2562.jpg	ណារិននិងឪពុកម្តាយក៏បានរស់នៅទីក្រុមភ្នំពេញឪពុកណារិនយកលុយទិញផ្ទះ
lines/2560.jpg	ការសិក្សាទេពីព្រោះណារិនជាកូនអ្នកមាន។ថ្ងៃមួយឪពុក ម្ដាយ ណារ៉េន ចង់ ទៅ នៅ ទីក្រុង.
lines/2952.jpg	ម្តាយជាកូនអក្តាតញ៉ូធ្វើឪ្យឪពុកម្តាយពិបាកចិត្តធ្វើឪ្យគ្រួសារអប់ឪនកេត្តិ
lines/2951.jpg	ជាការពិតកូនដែណាស់កូនដែលកោងកាចមិនចេះស្តាប់ឪពុកម្តាយ
lines/2953.jpg	យស។ម្យ៉ាងទៀត មនុស្សដែលមានចរិកកោងកាចមិនចេះគោរព
lines/2954.jpg	ចាស់ទុំឆ្លើយ ការបរិយាយស្តីមិនសមរម្យ ធ្វើឪ្យគរមើលមកមិនល្អគេ
lines/2956.jpg	រៀបសារចេះស្តាប់ដំបូលមានរបស់ឪពុកម្តាយចេះគោរពចាស់ទុំខិតខំរៀន
lines/2957.jpg	សូត្រ ការនិយាយស្តីទុំមិនកោងកាចនិងធ្វើមានគេចូលចឹត្តរៀបអាច
lines/2959.jpg	ចំពោះខ្លួន។មនុស្សដែរស្លូតសុភាពរាបសារខិតខំរៀនសូត្រនៅថ្ងៃអនាគត
lines/2955.jpg	ជៀលដល់ឪពុកម្តាយ គ្មានអ្នកចូលចិត្ត រៀបអាន។មនុស្សដេលសុភាព
lines/2958.jpg	ស្រឡាញច្រើន ធ្វើឪ្យឪពុកម្តាយមានមុខមានមាត់ក្នុងសង្គម មានរូមលក្ខណះភាព
lines/2960.jpg	ពេលមានត្រាអសន្ន គ្រួសារមានសុភមង្គល សង្គមមានមានមូតសាភាព
lines/2961.jpg	គ្រួសារមានជីវភាពធូធារ។នៅក្នុងសង្គមបច្ចប្បន្នក្មេងដែលមាន
lines/2965.jpg	សមរម្យ មិនកោងកាច ចេះយកអាសារអ្នមដទ
lines/2962.jpg	ចរិកកោងកាចមិនស្តាប់ឪពុកម្តាយមិនចូលរៀន បង្ហោះម៉ូតូ កាប់
lines/2964.jpg	បង្គមមិនឪ្យយកតម្លៃឡើយ។ប្រសិនបើក្មេងដែលមានកំរិតរឹកពារ
lines/2963.jpg	បម្លាប់ដោយមិនគិតអំពើទុកលំបាករបសលឪពុកម្តាយមិនត្រូវបាន
lines/1180.jpg	គុណនាមមាន 5 មានដូចជា
lines/1172.jpg	និយមវណ្ណៈឬស្រទាប់សង្គមនៃទ្រឹស្ដី ទស្សនៈ គោលគំនិតណាមួយ
lines/1184.jpg	- គុណនាមប្រក្រតី
lines/1176.jpg	ភាសាបុរាណ (កំណរកំណើត ដំបូងដល់ - ដ.តទី 15)
lines/1178.jpg	- បច្ចុប្បន្ន ( ស.តទី 19 - បច្ចុប្បន្ន)
lines/1173.jpg	ក្នុងដំណាក់កាលប្រវត្តិសាស្ត្រ។
lines/1174.jpg	4. រឿងសិរិចរស្ថិតក្នុងចលនាអក្សរសិល្ប៍ ពុទ្ធនិយមរឿងទី 15 ។
lines/1177.jpg	- កណ្ដាល (ស.តទី 16 - ដ.ត ទី 19)
lines/1179.jpg	1. គុណនាមគឺជាពាក្យសម្រាប់ជំនួស បញ្ជាក់លក្ខណៈឲ្យនាម ។
lines/1183.jpg	- គុណនាមកម្មសិទ្ធិ
lines/1175.jpg	5 - ភាសាខ្មែរមានការអភិវឌ្ឍន៍ធំៗ ចំនួន 3 លើកគឺ
lines/1182.jpg	- គុណនាមសំណួរ
lines/1181.jpg	- គុណនាមចង្អុល
lines/1168.jpg	- ចលនាអក្សរសិល្ប៍ពុទ្ធនិយម
lines/1166.jpg	1. ចលនាអក្សរសិស្សមាន 4
lines/1170.jpg	- ចលនាអក្សរសិល្ប៍បរទេសនិយម
lines/1167.jpg	- ចលនាអក្សរសិល្ប៍ព្រាហ្មណ៍និយម
lines/1171.jpg	2 ដែលហៅថាចលនាអក្សរសិល្ប៍ គឺជាដំណើរប្រែប្រួលអក្សរសិល្ប៍តាមការ
lines/1169.jpg	- ចលនាអក្សរសិល្ប៍ខេមរៈនិយម
lines/53.jpg	ចលនាអក្សរសិស្ស៍គឺជាដំណើររឿងប្រែប្រួលចលនាអក្សរសិស្ស៍
lines/41.jpg	និពន្ធ (ន) ៖ ព្រះធម៌សម្រាប់លក់ត្រាស់សង្ខារគឺធ្វើឱ្យបាតខ្យល់ដង្ហើមតែ
lines/50.jpg	-ចលនាអក្សរសិស្ស៍ពុន្ធនិយម
lines/45.jpg	សោមនុស្ស(ន) សេចក្តីសប្បាយចិត្តនិងសប្បាយ ព្រានប្រដៅគេ
lines/42.jpg	អាហារភោជន( )
lines/44.jpg	ជីវិតឪ្យគង់នៅ។
lines/24.jpg	I. ចូលពន្យល់ពាក្យ
lines/43.jpg	ព្រះបច្ចេកពុទ្ថ(ន) លោកអ្នកត្រាស់ដឹងចំពោះតែខ្លួនមួយមិនអាច
lines/47.jpg	II.
lines/46.jpg	ព្រានប្រដៅគេកីយ្យេាភាលា(ន)ដំណើរច្រើនក្រែងលែង។រីករាយ។
lines/48.jpg	1 - ចលនាអក្សរសិស្ស៍នីមួយៗមាន4គឺ
lines/52.jpg	-ចលនាអក្សរសិស្ស៍បរទេសនិយម
lines/51.jpg	-ចលនាអក្សរសិស្ស៍ខេមរះនិយម
lines/49.jpg	-ចលនាអក្សរសិស្ស៍ព្រាហ្មណ៏និយាម
lines/54.jpg	តាមការនិយមនៃវណ្ណះ ឬស្រទាប់សង្គមលើទ្រីស្រ្តី ទស្សនះ
lines/55.jpg	គោលគំនិតណាមួយក្នុងដំណាក់កាលប្រវត្តិសាស្រ្ត។
lines/56.jpg	3-ចលនាអក្សរសិស្ស៍ព្រាហ្មណ័និយមគឺជាស្នាដៃអក្សរសិស្ស៍
lines/57.jpg	ទាំងឡាយណាដែលមានទំនាក់ទំនងទៅនិងបែបបទសទ្ធិសាល
lines/58.jpg	នាព្រាហ្មណ៍។
lines/59.jpg	ចលនាអក្សរសិស្ស៍ពុទ្ថនិយមជាអត្ថិបទរឿងរ៉ាវផ្សេងៗ
lines/60.jpg	ដែលទាក់ទងនិងការលើកយកទ្រឹស្រ្តីពុទ្ធសាសនាធ្វើជា
lines/61.jpg	គោលហើយទ្រឹស្រ្តីទាំងនោះស្ថិតនៅក្នុងគម្ពីរព្រះត្រែ
lines/62.jpg	បីដកដែលអ្នកនិពន្ធលើកយកសញ្ញា បញ្ហា បុណ្យ បាប ផលល្អ
lines/63.jpg	អាក្រក់របស់តូរអង្គ មក ចោទ និងដោះស្រាយអក្សរ
lines/1799.jpg	1,រឿង“ភ្នំបាយ៉ង់កោរនៅខេត្តតាកែវ“ដកស្រង់ចេញពីសៀវភៅវរឿងព្រេង
lines/1795.jpg	-,ខ្ញុំជាកូនអ្នកចម្ការ។
lines/1797.jpg	-អ៊ុំរបស់ខ្ញុំជាអ្នកខ្មាំងកំភ្លើង។
lines/1787.jpg	-ខ្ញុំជាកូនអ្នកស្រែ។
lines/1789.jpg	-ពូរបស់ខ្ញុំជាអ្នកប្រម៉ាញសត្វ។
lines/1792.jpg	អ្នកមានឬសកម្មភាពលក្ខណះបែបណា។តែងល្បះ។អញនកភូមិ អ្នកចម្ការ
lines/1796.jpg	-ពូរបស់ខ្ញុំជាអ្នកក្លាហាន។
lines/1800.jpg	ខ្មែរភាគទី5។បានជាមានឈ្មោះថាព្រះអង្គបាយ៉ង់កោរនៅពេលដែល
lines/1794.jpg	-,អ្នកភូមិរបស់ខ្ញុំរបស់ខ្ញុំមានគោរច្រើន។
lines/1801.jpg	ព្រះអង្គបានរត់ភៀសព្រះអង្គភាសបន់ស្រន់ អារក្ស អ្លកតា ទេវតាថា
lines/1803.jpg	ទើបជាប់ឈ្មោះភ្នំបាយ៉ង់កោរមកដល់សព្វថ្ងៃ។
lines/1793.jpg	អ្នកក្លាហាន អ្នកខ្មាំងកំភ្លើង
lines/1804.jpg	2,នៅពេលដែលព្រះបាទបាយ៉ង់កោររត់ភៀសខ្លួនចេញស្តេចសៀម
lines/1791.jpg	៤,ដែលហៅថានាមការណ៍ឬនាមការណ៍គឺសម្រាប់សម្តែងម្នាក់ធ្វើអំពើ
lines/1805.jpg	ព្រះអង្គ់ភាពបន់ស្រន់ទេវ អក្សទឹកដូចជា
lines/1802.jpg	បើបំណន់សម្រាចព្រះអង្គនិងកោសក់ថ្វាយលាបំណន់
lines/1786.jpg	-ប្អូនជីដូនមួយខ្ញុំជាអ្នកក្រុង។
lines/1806.jpg	- សូមកុំឪ្យពួកសៀមតាមទាន់
lines/1790.jpg	-បងរបស់ខ្ញុំជាអ្នកយាម។
lines/1788.jpg	-អ្នកធំធ្វើបានអ្នកទន់ខ្យោយ
lines/1808.jpg	- ជាទីស្តាប់សុខ។
lines/1807.jpg	- សូមឪ្យជួបទីកន្លែងគាប់ចឹត្ត
lines/1798.jpg	II
lines/2632.jpg	I ,ពន្យល់ពាក្យ
lines/2633.jpg	ប្រណាក ( )
lines/2635.jpg	បន្ទារ (ន) បន្ទះក្តារឬបន្ទះឬស្សី។
lines/2634.jpg	គោក
lines/2636.jpg	ទាសី (ន) ខ្ញុំបម្រើស្រី។
lines/2640.jpg	វិធាវីឈឺធ្ងន់។
lines/2638.jpg	II សំណួរ
lines/2637.jpg	អលង្ការ (ន) គឺជាគ្រឿងលម្អសសម្រាប់តុបតែងខ្លួន។
lines/2644.jpg	គ្រប់ហើយអ្នកនិពន្ធបានបញ្ជាប់ស្នាដៃរបស់ខ្លួនពិតប្រាកដ។
lines/2642.jpg	គឺការចោះត្រចៀករបស់កូនស្រីគ្រប់ៗរូប។
lines/2643.jpg	3, ដែលហៅថាកាលកំណត់តែងគឺជាថ្លៃខែឆ្នាំខឺអ្នកនិពន្ធសសេរចប់សព្វ
lines/2639.jpg	1,ប្រាប់ពីវិធីតែងនិពន្ធ ត្រង់ចំណុចការបញ្ជាប់រឿងគឺក្តីសោកសៅព្រោះនាង
lines/2641.jpg	2,ចំណុចបញ្ជាក់ពីអត្តសញ្ញាណជាតិខ្មែរនៅក្នុងរឿង នំនៀចោះត្រចៀកកូនស្រី
lines/2650.jpg	- គាត់ជានរណា?
lines/2645.jpg	សង្គមបិរិតាកាស គឺជាសង្គមដែលអ្នកនិពន្ធបានសរេសររៀបរាប់ពីសម័
lines/2646.jpg	យណាមួយ។
lines/2651.jpg	- នេះគឺជាសីតា។
lines/2648.jpg	1, និយាយរៀបរាប់ឲ្យបានល្អិតពីសព្វនាមបរិសះ
lines/2647.jpg	III .វេយ្យាករណ៏
lines/2649.jpg	2, តែងល្បះឪ្យបានពីរ
lines/1359.jpg	- តុនៅកន្លែងនេះឡើងយូ។
lines/1360.jpg	- តើអ្នកឯងអស់គ្នាទៅណា។
lines/1338.jpg	២, ពេលដែលព្រះបាទបាយ៉ង់កោររត់ធ្លាក់ខ្លួនចេញពីស្ដេចសៀម.
lines/1341.jpg	-ឪ្យរួចផុតពីពួកសៀម ក។ឪ្យពួកសៀមតាមទាន់
lines/1339.jpg	ព្រះ អង្គ បាន បន់ស្រន់ ទេវតា អារក្សទឹក ហើល ព្រះបានបានបន់ថា
lines/1343.jpg	១,រឿង " ភ្នំបាយ៉ង់កោរនៅខេត្តតាកែវ"ដកស្រង់ចេញពីសៀវភៅ
lines/1340.jpg	-ឪ្យជួបតែសេចក្តីសុខតាមផ្លូវ
lines/1342.jpg	-ឪ្យជួបទីកន្លែងកៀបចឹត្ត។
lines/1344.jpg	ប្រជុំរឿងព្រេងខ្មែរភាគ៥។បានជាឈ្មោះថា"ភ្នំបាយ៉ងកោរ "ព្រោះ
lines/1355.jpg	១, ដែលហៅថាមានសាធារណ៏គឺនាមសម្ថែងឈ្មោះមិនទូទៅចំពោះ។
lines/1346.jpg	បានព្រះអង្គកោព្រះសិរលារបស់ទ្រុងទើបហេតុនេះបានគេហៅថាភ្នំយ៉ង
lines/1345.jpg	បានកោរសក់របស់ទ្រង់ដោយលោកបានបន់រឿងបីយ៉ាងនោះ។
lines/1347.jpg	បាយ៉ង់កោរ"។
lines/1349.jpg	២ តែងល្បះដោយប្រើអសាធារណនាម។
lines/1356.jpg	- នៅបាត់ដំបងមានសំពៅមាស។
lines/1352.jpg	-ខេត្តសៀមរាមមានប្រសាទអង្គវត្ត
lines/1348.jpg	II ២,ដែលហៅថានាមអសាធារណ៍គឺ នាមសម្តែងឈ្មោះមិនទូទៅនិងចំពោះ។
lines/1357.jpg	- សាលារៀននោះមានមនុស្ស។
lines/1351.jpg	-ផ្សារភ្នំសំពៅមានលុកអុីច្រើនណាស់
lines/1358.jpg	- អ្នកទាំងអស់គ្នាបានជេរខ្ញុំ។
lines/1350.jpg	-សាលារៀនភ្នំសំពៅស្អាតណាស់
lines/1353.jpg	-នៅខេត្តបាត់ដំបងមានរមណីដ្ឋានចំម្ការស្វាយ
lines/1354.jpg	-នៅស្រុកសំឡូតមាមផ្លែធុរេន
lines/2041.jpg	” កូនកាចបំពេញទុក្ខម្តាយឪពុកព្រួយបារម្ភ កូនស្លូតចេះតួរសម មែបាផ្តុំថ្កើងកេរ្តីឈ្មោះ “
lines/2040.jpg	ប្រធាន ពាក្យទូន្មានមួយឃ្លាពោលវា
lines/2045.jpg	ម្នាក់ៗត្រូវជាស់វាង់អំពើអាក្រក់ទាំងឡាយដែលមានមនុស្សនិងសង្គមស្អប់ខ្ពើម។
lines/2048.jpg	មានន័យថាកូននៅតែរឿងឪ្យឪ្យពុកម្តាយមិនស្តាប់បំគាប់ឪពុកម្តាយឈ្លើយមិន
lines/2042.jpg	សេចក្តីអធិប្បាយ
lines/2046.jpg	ដើម្បីប្រទីបបំភ្លឺដលការមកស្រាយមានលក្ខះក្បោះក្បាយស៊ីជំម្រៅ
lines/2050.jpg	កូនចេះស្តាប់បំគាប់ម្តាយស្គាល់ចាស់ទុំមានអាភាពកិរិយាល្អ ចេះគួរសមធ្វើឪ្យ
lines/2047.jpg	យើងត្រូវយល់ដឺងពាក្យគន្លឹះជាមុនសិន។ពាក្យកូនកាចបំពេញទុកម្តាយឪពុកព្រួយបារម្ម
lines/2049.jpg	ស្គាល់ចាស់ទុំជាដើម។រីឯពាក្យ កូនស្លូតចេះគួរសមមេបាថ្កុំថ្កើងកេរ្តិ៏ឈ្មោះ គឺមានន័យខ្លឹមសាថា
lines/2043.jpg	មនុស្សយើងទាំងឡាយដែលមានជីវិតរស់នៅលើយើងនេះនណាក៏ដោយ
lines/2044.jpg	ក៏តែងតែចង់បានណាស់នូវកេរ្តិ៏ឈ្មោះល្អប្រពៃដើម្បីសម្រេចបំណងប្រាថ្នានេះបានអាស្រ័យ
lines/2039.jpg	II តែងសេចក្តី
lines/2054.jpg	ក្លាយជាគេងមិនចូលចិត្តស្អប់ខ្ពើមជាដើមចំណែកកូនដែលស្តាប់បង្កាប់
lines/2051.jpg	អ្នកផងទាំងពួងចូលចិត្តស្រលាញ។
lines/2052.jpg	ស្របទៅមានន័យពាក្យដែលបានពន្យល់យ៉ាងក្បោះក្បាយមខាងលើមតិរបស់ប្រធាន
lines/2053.jpg	មានន័យសំដៅទៅអតចរិករបស់កូនម្នាកើៗដែលមិនស្តាប់បង្កាប់ឪពុកម្តាយនិង
lines/2055.jpg	ឪពុកម្តាយនិងក្លាយជាក្មេងល្អចាស់ទុំស្រលាញ់អាណិត
lines/2058.jpg	មកបញ្ជាក់ឪ្យឃើញថាពីសង្គមបច្ចប្បន្នមនុស្សដែលខិតខំព្យាយាមនិងទទួលមាន
lines/2056.jpg	ជាកាពិតណាស់កូនល្អចេះស្តាប់បង្កប់ឪពុកម្តាយនិងក្លាយជាមនុស្សគេស្រលាញ់
lines/2057.jpg	រាប់អានច្រើន យើងហ៊ាននិយាយបេបនេះដោយសារតែមានអំណះអំណាង
lines/2059.jpg	ការសសើរពីមនុស្សទាំងឡាយចំណែកមនុស្សមិនស្តាប់ឪពុកម្តាយលួចឆកអ្នក
lines/2060.jpg	ដទៃមិនខិតខំប្រឹងប្រែងនិងក្លាយជាក្មេងដែលគេមិនចូលចឹត្តសង្គមស្អប់ខ្ពើម។
lines/1665.jpg	ទូទៅមិនចំពោះ។
lines/1663.jpg	III ចម្លើយវេយ្យករណ៏
lines/1664.jpg	១.ដែលហៅថានាមសាធារណឬសាធារណនាមគឺនាមសម្តែងឈ្មោះ
lines/1666.jpg	-កសិករកម្តងកំពុងភ្ជរស្រែ។
lines/1676.jpg	-មីងសំជូនកូនទៅរៀន។
lines/1681.jpg	-រក្សាកំពុងរាំ
lines/1686.jpg	ម្នាក់ធ្វើអំពើឬសកម្មភាពលក្ខណះបែបណា។មួយ។
lines/1667.jpg	-គេកំពុងស្ទុងស្រូវ
lines/1671.jpg	២,ដែលហៅថានាមមសាធារណ៍ឬអសារណនាមសម្តែងឈ្មោះមិនទូទៅ
lines/1668.jpg	-ប្រទេសកម្ពុជាសម្បូរកន្លែងទេសចរណ៍។
lines/1680.jpg	-ខ្ញុំកំពុងដើរ។
lines/1670.jpg	-ទីកន្លែងនេះសំបូររមាស់សេង។
lines/1675.jpg	- ប្រាសាងអង្គវត្តជាសម្បិត្តវប្បធម៍ សុផលកំពុងហាត់ប្រាណ។
lines/1673.jpg	-រីណារទៅផ្សារទិញម្ហូប។
lines/1684.jpg	-ឆ្កែសារកំពុងដលរទៅរៀន។
lines/1674.jpg	-ពូសុខទៅស្រែ។
lines/1685.jpg	៤,ដែលហៅថានាមការណ៍ឬនាមការណ៍គឺសម្រាប់សម្តែង
lines/1677.jpg	-ពូរ៉ាទៅមើលគោ។
lines/1679.jpg	ភាពអ្វីមួយ។
lines/1669.jpg	-សាលារៀននេះសំបូរសិស្សពូកែ។
lines/1682.jpg	-ខ្ញុំកំពុងជិះម៉ូតូ។
lines/1672.jpg	ដែលចំពោះច្បាស់លាស់។
lines/1678.jpg	៣,ដែលហៅថានាមករណ៏នាមគឺណាំំដែលសម្រាប់សម្តែងសកម្ម
lines/1683.jpg	-ស្រីណាក់កំពុងជិះកង់។
lines/2725.jpg	ឬជួយឪពុកម្តាយហើយតែងតែមិនជួយការងារខុសត្រូវតែងតែធ្វើឪ្យឪពុកម្តាយពិបាកទៀតតែបើកូន
lines/2723.jpg	សេចក្តីអធិប្បាយ
lines/2720.jpg	ប្រធាន ពាក្យទូន្មានមួយឃ្លាពោលថា " កូនកាចបំពេញទុក្ខម្តាយឪពុកព្រួយបារម្ភកូនស្លូត
lines/2724.jpg	មនុស្សគ្រប់រូបតែងតែមានកូនប្រុសស្រីល្អឬអាក្រក់កូនកាចមិនចេះស្តាប់ហើយមិនជួយការងារ
lines/2719.jpg	IV. តែងសេចក្តី
lines/2721.jpg	ចេះគួរសមមេបាថ្កុំថ្កើងកេរ្តិ៍ឈ្មោះ"។ ចូលពន្យល់ដោយលើឧទារហរណ៍
lines/2726.jpg	ស្លូតជួយការងារឪពុកម្តាយមិនធ្វើឪ្យពួកគាត់ពិបាកចិត្តខ្វល់ខ្វាយពីរយើងផងែរ។ដូចនេះពាក្យទូន្មាន
lines/2722.jpg	មកបញ្ជាក់ឪ្យបានក្បោះក្បាយ។
lines/2727.jpg	មួយបានឃ្លោពោលថា"កូនកាចបំពេញទុក្ខម្តាយឪពុកម្តាយព្រួយបារម្ភកូនស្លូតចេះគួរសមមេបាថ្កុំថ្កើងកេរ្តិ៍ឈ្មោះ។
lines/2728.jpg	តើពាក្យទូន្មានខាងលើកមានន័យម្តេច?
lines/2729.jpg	ដើម្បីឈានដល់ស្ពានដល់ការបកស្រាយប្រធានយើងត្រូវតល់ដឹងពីសោកូនមួយចំនួន
lines/2730.jpg	សិន។ពាក្យគួរសមមានន័យថាគឺជាការឪនទោនរីឯកកេរ្រិ៍ឈ្មោះវិញគឺជាការដែលខូចកេរ្តិ៍ឈ្មោះរបស់ខ្លួប។
lines/2731.jpg	ដូចនេះហើយមានទូន្មោនមួយបានពោលថា "កូនកាចបំពេញទុក្ខម្តាយឪពុកព្រួយ
lines/2732.jpg	បារម្ភ កូនស្លូចេះគួរសមមេបាថ្កុំថ្កើងកេរ្តិ៍ឈ្មោះ"។
lines/2733.jpg	ជាការពិតណាស់កូនប្រុសស្រីតែងតែធ្វើខុសឬប្រព្រឹត្តិទំរើងមិនល្អមិនសមរ្យ
lines/2735.jpg	គ្នាតែងតែចេះទទួលស្គាល់ពីរការដែរធ្វើមិនល្អពីរឪពុកម្តាយវិញក៏ពួកគាត់មិនខឹង
lines/2739.jpg	ខិតខំរៀនសូត្រធ្វើជាក្មេងល្អចេះជួយឪពុកម្តាយឬជួយខ្លួនឯងឪ្យល្អប្រសើរឫជួយអ្នកដទៃ
lines/2736.jpg	ឬស្អប់កូនឡើយ ឪពុកម្តាយគ្រប់រូបតែងតែចង់ឪ្យកូនល្អគ្មានឪពុកម្តាយណាបារម្ភពីរសេរីកូនមិនស្រឡាញ់
lines/2734.jpg	ដល់ឪពុកម្តាយ។ប៉ុន្តែគេគ្រប់តែងតែចេះដឹងខុសដឹងត្រូវហើយនិងចេះកែខ្លួនដែរគ្រប់
lines/2738.jpg	ខ្លះប្រព្រឹត្តិមិនល្អយើងគ្រប់រូបត្រូវតែទៅរកកន្លែងដែរល្អវិញដឹងខ្លួនខុសត្រូវតែចេះកែ
lines/2737.jpg	កូនឡើយគំនិតខ្លះក៏ល្អគំនិតខ្ឡះទៀតមិនល្អរឿងណាគួររឿងណាមិនគួរបើយើងដឹងខ្លួន
lines/2740.jpg	ការជោជ័យកើតមានដល់ការធ្វើល្អនិងក្លាយខ្លួនជាក្មេងល្អមនុស្សយើងគ្រប់ៗរូបមិនថាកូន
lines/2743.jpg	ពួកគាត់ពិបាកចឹត្តខ្វល់ខ្វាយពីយើងផងដែរត្រូវកែខ្លួនធ្វើជាក្មេងល្អដល់គ្រួសារនិងដល់
lines/2741.jpg	ប្រុសស្រីល្អអាក្រក់កូនមិនចេះជួយការងាម្តាឬជួយឪពុកម្តាយហើយតែងតែមិនជួយការងារ
lines/2744.jpg	សង្គមជាតិត្រូវចេះគោរពស្រលាញ់គ្នាទៅវិញទៅមកចេះគោរពគ្នាអាណិតនិងជួយគ្នាផងដែរ។
lines/2742.jpg	ខុសត្រូវតែងតែធ្វើឪ្យឪពុកម្តាយពិបាកទៀតតែបើកូនស្លូតជួយកាងារឪពុកម្តាយមិនធ្វើឪ្យ
lines/2761.jpg	- គោក (ន) រឹងស្ងួន គ្មានទឹក។ តោក(ន)
lines/2760.jpg	- ប្រណាក (ន) វត្តសម្រាប់ចិត្តស្លាប់របស់ចាស់ៗ។
lines/2762.jpg	- បន្ទារ (ន) ពែកទឺកក្តាប ឬបន្ទាសអក្សី។
lines/2759.jpg	I .ពន្យល់ពាក្យ
lines/2763.jpg	- ទាសី (ន) អ្នកបម្រើស្រី។
lines/2765.jpg	II . ចម្លើយ
lines/2767.jpg	- ពេលខ្លះបញ្ជាប់ដោយតួរអង្គស្លាប់
lines/2764.jpg	- អលង្ការ (ន) គ្រឿងលំអរប្រាណ។
lines/2766.jpg	1, វិធីតែងខ្លួនត្រង់ចំណុចការបញ្ជាប់រឿងមាន
lines/2768.jpg	- ពេលខ្លះបញ្ចាប់ដោយតួអង្គរស់
lines/2769.jpg	- ពេលខ្លះបញ្ចប់ដោយតួរអង្គមានទុកកៀមក្រំ
lines/2773.jpg	៤, ចំណុចដែលបញ្ចក់ពី អត្តសញ្ញាណជាតិខ្មែរនៅក្នុងរឿង
lines/2771.jpg	- ពេលខ្លះ បញ្ចប់ដោយតួរអង្គជួបជុំគ្នា
lines/2770.jpg	- ពេលខ្លះ បញ្ចប់ដោយតួរអង្គមានភាពសប្បាយរីករាយ
lines/2772.jpg	- ពេលខ្លះបញ្ចប់ដោយតួរអង្គត្រូវបែកបាក់គ្មា។
lines/2781.jpg	ដែលហៅថាសង្គមបរិយាកាសគឺជាសង្គមដែលអនកនិពន្ធ្
lines/2777.jpg	ដាក់ត្រង់រុនដែលប្រពន្ធដើមបានចោះត្រចៀកប្រពន្ធចុង។
lines/2775.jpg	- ប្តីបានយកដែកមាសទៅធ្វើជាដែកគោលដើម្បីយកមក
lines/2776.jpg	- ប្តីយកដែមាសទៅធ្វើជាដែកគោលដើម្បីយកមក
lines/2782.jpg	បានសរេសររៀបរាប់ពីសម័យណាមួយ។
lines/2779.jpg	សរេសរចប់សប់គ្រប់ហើយអត្ថបទនិពន្ធបញ្ចប់ក្នុងស្នាដៃ
lines/2778.jpg	3,ដែលហៅថាការកំណត់គឺជាថ្ងៃខែឆ្នាំដែលអ្នកនិពន្ធ
lines/2774.jpg	ចោះក្ររីសចៀកកូនគឺនៅក្រង៖
lines/2780.jpg	របស់ខ្លួនយ៉ោងពិតប្រាកដ។
lines/890.jpg	ឯកសេចក្តីសុខ មានសេចក្តីសុខក្នុងគ្រួសារ ទាំងលាយទាំងផ្លូវចិត្ត
lines/891.jpg	របៀបរបៀប សុភមង្គល សេចក្តីការរស់នៅប្រចាំថ្ងើផងដែល។
lines/892.jpg	សរុបសេចក្តីមក ការយល់ដឹងអំពីហិង្សាក្នុងគ្រួសារបានបាត់បង់នៅសុភមង្គល
lines/893.jpg	បញ្ចប់នូវជម្លោះឡើងនូវអំពើហិង្សានូវតាមគ្រួសារគឺត្រូវតែផ្តល់សុភម
lines/894.jpg	ង្គលដល់គ្រួសារ មានភាពរីកចម្រើន និងមានភាពសប្បាយរីករាយនិងមាន
lines/898.jpg	និងក្រុមគ្រួសារ និងសង្គម។
lines/895.jpg	សុភមង្គលក្នុងគ្រួសារនីមួយៗ។
lines/899.jpg	ក្នុងនាមខ្ញុំជាសិស្សម្នាក់ ខ្ញុំតែងតែត្រូវតែបញ្ចក់អំពីហិង្សារ
lines/896.jpg	ប្រធានខាងលើមានន័យដូចម្តេចមានការអំពើហិង្នាំឪ្យ
lines/900.jpg	នាំអោយក្នុងគ្រួសារបាត់បង់សុភមង្គលដល់ ក្នុងគ្រួសាររបស់យើង។
lines/897.jpg	គ្រួសារគឺត្រូវតែផ្តល់សុភមង្គលនេះបង្កើតដល់គ្រួសារ និងសង្គម របស់យើង
lines/888.jpg	តម្លៃពេលបច្ចុប្បន្ន នេះគឺ តែងតែទទួលបានសេចក្តីសុខភាពរីកចម្រើន
lines/889.jpg	ក្នុងគ្រួសារព្រោះថា ការរស់នៅប្រចាំថ្ងៃផងដែរ បានធ្វើឱ្យលើគ្នាចំណែក
lines/2266.jpg	បារម្ភ កូនស្លូតចេះតួរសម មែមាផ្តុំថ្កើងកេរ្តីឈ្មោះ “ចូលពន្យល់ដោយលើកឧទាហរណ៏
lines/2274.jpg	តើពាក្យទូន្មានខាងលើនេះមានអត្ថន័យយ៉ាងដូចម្តេច?
lines/2268.jpg	សេចក្តីអធិប្បាយ
lines/2279.jpg	ខ្ពង់ខ្ពស់។ពាក្យថាទូន្មាន ខាងលើនេះមានន័យថាការអប់រំឪ្យយើងដឹងគុណឪពុកម្តាយដែលបានបង្កើតយើងមក។
lines/2281.jpg	ពីតម្លៃឪពុកម្តាយ។ពេលកូនៗកាចឪពុកម្តាយតែងតែព្រួយបារម្ភ ខ្លាច់កូនដើរ
lines/2264.jpg	IV .តែងសេចក្តី
lines/2276.jpg	ធាងយើងគប្បីយល់ពាក្យគន្លិះជាមុនសិន ពាក្យកូន មានន័យថា ជាកូនដែលត្រូវស្តាប់ពាក្យទូន្មានរបស់
lines/2270.jpg	នាក់ខ្លះកូនច្រើនហើយឪពុកម្តាយត្រូវមានកាព្វកិច្ចចំពោះកូនៗ។ហើយកូនៗ
lines/2272.jpg	សារតែពួកយើងទេទើបមានប្រធាន ពាក្យទូន្មានមួយឃ្លាពោលថា” កូនកាចបំពេញ
lines/2265.jpg	IV ប្រធាន ពាក្យទូន្មានមួយឃ្លាពោលថា” កូនកាចបំពេញទុក្ខម្តាយឪពុកព្រួយ
lines/2280.jpg	ជាកាពិតណាស់ពាក្យទូន្មានខាងលើនេះបានអប់រំអោយយើងដឹងជ្រៀជ្រៅ
lines/2273.jpg	ទុក្ខម្តាយឪពុកព្រួយបារម្ភ កូនស្លូតចេះតួរសម មែមាផ្តុំថ្កើងកេរ្តិ៍ឈ្មោះ។
lines/2286.jpg	ស្អប់គុំគួនកូនឡើយតែបើកូនស្លូតចេះគួរសមចេះគោរពចាស់ទុំមិនច្រលើស
lines/2287.jpg	បើសចេះជួយអ្នកដ៏ទៃមិនបៀតបៀនគេស្រលាញ់និងអោយតម្លៃអ្នកដ៏ទៃ
lines/2267.jpg	មកបញ្ជាក់ឪ្យបានក្បោះក្បាយ។
lines/2269.jpg	មនុស្សយើងម្នាក់ៗតែងតែមានគ្រួសារនិងមានកូនចៅអ្នកខ្លះទៀតកូនតិច
lines/2283.jpg	ពេលឪពុកម្តាយតែងតែខ្វល់ខ្វាយពីកូនទោះលំបាកយ៉ាងណាក៏ដោយស៊ូហត់ដើម្បីកូនឪ្យ
lines/2275.jpg	ដើម្បីឈានដល់ការពន្យល់អោយបានក្បោះក្បាយនិងសុីជម្រៅនៃប្រ
lines/2278.jpg	ភាកិច្ចចំពោះកូនៗ ពាក្យថ្កុំថ្កើង មានន័យថារុងរឿងមិនថយចុះ មានសេចក្តីសុខ
lines/2284.jpg	តែកូនមានសេចក្តីសុខមិនខ្វល់ពីអ្វីទាំងអស់ពេលឪពុកម្តាយឃើញកូនដើរផ្លូវខុស
lines/2277.jpg	ឪពុកម្តាយ ពាក្យឪពុកម្តាយ មានន័យថា ជាអ្នកមានគុណរបស់កូនៗនិងត្រូវបំពេញ
lines/2282.jpg	ផ្លូវមិនល្អមានទុក្ខក្នុងចឹត្តនៅមិនសុខចិត្តអន្ទះអន្ទេងព្រោះចឹត្តនៅគិតពីកូនគ្រប់
lines/2285.jpg	ពួកគាត់តែងតែមិនសប្បាយចិត្តនៅទង្វើដែលកូនពួកគាត់បានសាងតែចឹត្តពួកគាត់មិនដែល
lines/2271.jpg	ត្រូវលើកមុខលើកមាត់ឪពុកម្តាយមិនត្រូវអោយពួកគាត់ត្រូវខ្មាសកេរ្តិ៍ឈ្មោះដោយ
lines/1290.jpg	1 ,រឿង “ភ្នំបាយ៉ង់កោរនៅខេត្តតាកែវ“ដកស្រង់ចេញពីសៀវភៅវរឿងព្រេងខ្មែរភាគ០៥។បានជាមាន
lines/1295.jpg	១ តែងល្បះដោយប្រើតាមសាធារណ៏
lines/1305.jpg	នៅស្រុករតនះមណ្ឌលមានប្រសាទព្រះវិហារ
lines/1296.jpg	-ប្រសាទអង្គរវត្តស្ថិតនៅខេត្តសៀមរាប
lines/1300.jpg	-នៅរាជធានីភ្នំពេញមានឡាម៉ូតូណាស់
lines/1294.jpg	III
lines/1291.jpg	ឈ្មោះបាយ៉ង់កោ ព្រោះទ្រង់បានកោព្រះកេសទើបបានទីនោះមានឈ្មោះថា
lines/1293.jpg	៤ ,ព្រះពិស្ណុការបារវេនវិជ្ជាពីទេវបុត្រឋានព្រះឥន្រ្ទដូចជា។
lines/1304.jpg	-ឆ្នាំ2023ដាច់ថ្ងៃទី32
lines/1298.jpg	-ភ្នំសំពៅស្ថិតនៅខេត្តបាត់ដំបង
lines/1303.jpg	-ឡាជិះថយក្រោយ
lines/1306.jpg	-នៅខេត្តស្វាយរៀងមានឆ្នេរសមុទ្រ
lines/1301.jpg	នាមសាធារណដូចខាងលើដែល
lines/1299.jpg	-ផ្សារស្នឹងមានត្រីច្រើនណាស់
lines/1292.jpg	ភ្នំបាយ៉ាង់កោរ ដល់សព្វថ្ងៃ។
lines/1297.jpg	-ភ្នំបាយ៉ង់កោរស្ថិតនៅខេត្តតាកែវ
lines/1302.jpg	-ប្រសាទបាយយ័ន្នស្ថិតនៅខេត្តបាត់ដំបង
lines/2461.jpg	ពេលដែលយើងនៅផ្ទះត្រូវចេះជួយកាងារនិងធុរះដៃជើងគាត់ទើបគាត់សប្បាយចិត្តជាយើង
lines/2464.jpg	គាត់តែងតែដើររករឿងគេគ្រប់គ្មាទើបធ្វើឪ្យគាត់ពិបាកចឹត្តនោះបីគាត់ខំនិយាយ
lines/2465.jpg	ប៉ុណ្ណាក៏ដោយក៏កូនគាត់មិនស្តាប់ដំបូន្មានពីរពួកគាត់ទាំងពីឡើយថែមទាំងជាក្មេងប្រលើស
lines/2468.jpg	ថែមទាំងទៅបង្ករជំម្លោះនិងមិត្តភក្តិដែលធ្លាប់ស្និតស្នានិងគ្នាក៏ដោយហើយគេធ្លាប់មានប្រវត្តិជ
lines/2462.jpg	មួយយើង។ឧទាហរណ៏នៅក្នុងសង្គមជាក់ស្តែងនៅក្នុងភូមីខ្ញុំមានប្រុសពីរកូនទីមួយ
lines/2466.jpg	បើកោងកាច។ទោះបីរជាពួកគាត់ខំយកទៅអប់រំនៅឯប៉ុសីសក៏ដោយក៏គាត់មិនស្តាប់តេនេះពីព្រោះ
lines/2470.jpg	គំយកគំរូបតាមបុគ្គលខាងលើនេះអី។ចំណែកឯកូនទីពីវិញគេមិនជាក្មេងស្លូតបូត
lines/2469.jpg	ជាប់ពន្ធធានាគាទៀតផងហើយរូបគេនេះធ្លាប់ជក់គ្រឿងញឿនពីមុនមក។យើងទាំងអស់គ្នា
lines/2463.jpg	គឺជាកូនស្តាប់ដំបូន្មានឪពុកម្តាយនោះទេថែទាំងធ្វើឪ្យគាត់ព្រួយបារម្ភពីកូនទីមួយ
lines/2476.jpg	កោងកាចអ្វីឡើយនិងមានមិត្តភក្តិព្រមទាំងលោកគ្រូអ្នកគ្រូចូលចិត្តការនិយាយជា
lines/2482.jpg	ចង់ឪ្យកូនមានកេរ្តិ៏ឈ្មោះផងដែល។
lines/2475.jpg	សពះចាស់ទុំទៀតផងនិងនិយាយស្ទីគួរសមគួរឪ្យសន្ទានជាមួយណាស់។ពីគេមិនជាក្មេង
lines/2460.jpg	នេះទេត្រូវគោរពស្រលាញ់គាត់ឪ្យដូចគាត់ស្រលាញ់យើងមិនត្រូវអោយគាត់ពិបាក់ចិត្តនោះឡើយ
lines/2467.jpg	កូនគាត់ជាក្មេងចូលចិត្តដើរលេងមិនចូលផ្ទះឡើយទោះមិនមិត្តភក្តិនិយាយប៉ុណាក៏មិនស្តាប់ដែល
lines/2474.jpg	ថ្នាក់មិនចេះជួយយកឧស្សាហ៏មិត្តភក្តិពេលដែលគេទៅណាមកណាតែងតែលើកដៃ
lines/2485.jpg	ដោយសារយើង។
lines/2480.jpg	សរុបសេចក្តីមកប្រធានខាងលើពិតជាមានន័យណាស់សម្រាប់ឪ្យយើងចេះស្តាប់ដំបូន្មាន
lines/2484.jpg	សាឪពុកម្តាយពីព្រោះគាត់ខំបង្កើតយើងមកគួរធ្វើឪ្យគាត់សប្បាយចិត្តកុំធ្វើឪ្យគាត់ពិបាក់ចិត្ត
lines/2478.jpg	ទៅណាមកណាក៏គេសសើរថាគាត់ជាក្មេងល្អដែល។យើងម្នាក់ៗតែងតែយកគំរូតាមកូនទីពីរ
lines/2471.jpg	តែងតែស្តាប់បង្កាប់ទូន្មានម្តាយឪពុកនិងមានអប់រំពីលោកគ្រូនិងអ្នកគ្រូហើយគេក៏មិន
lines/2477.jpg	មួយគាត់ហើយថែមទាំងឪ្យជួយទុក្ខធុរះហើយនិងជួយសម្រាលទុក្ខដៃជើងជំនួសគាត់ហើយ
lines/2472.jpg	ធ្វើឪ្យឪពុកម្តាយពិបាក់ចិត្តម្តង់ណាឡើយនិងចេះយកអាសាមិត្តភក្តិនិងឪពុកម្តាយ
lines/2483.jpg	ប្រធានខាងលើពិតជាមានតម្លៃអប់រំចង់អោយយើងក្លាយទៅជាមនុស្សល្អនិងជួយអា
lines/2481.jpg	ឪពុកម្តាយមិនកោងកោចឬច្រលើសបលសឡើយពីព្រោះឪពុកម្តាយចហឪ្យកូនល្អនិង
lines/2479.jpg	ពីព្រោះគាត់ចិត្តល្អជួយមនុស្សជុំវិញខ្លួនទៀតផង។
lines/2473.jpg	ហើយគេក៏រៀនពូកែបាននិទេសល្អគ្រាប់ខែហើយចេះជួយពន្យល់មេរៀនមិត្តភក្តិរួម
lines/1764.jpg	ឧបាយកល ព្រះសិរសា ស្ងប់ស្ងែង ពិស្ណុក
lines/1765.jpg	ព្រះសិរសា(ន) ក្បាល។
lines/1768.jpg	III
lines/1771.jpg	-សៀវភៅនេះសម្បូររឿងព្រេង។
lines/1769.jpg	១.ដែលហៅថានាមសាធារណឬសាធារណនាមគឺនាមសម្តែង
lines/1767.jpg	ពិស្ណុក (ន )ទេវតាខាងជើង ដែរជាអ្នកសម្រាចកិច្ចថ្វាយឥន្រ្ទ។
lines/1773.jpg	-អ៊ុំរបស់ខ្ញុំជាពលកររោងចក្រ។
lines/1770.jpg	ឈ្មោះទូទៅមិនចំពោះ។តែងល្បះឪ្យបាន5តែងល្បះ៖ សៀវភៅ កសិករ ពលករ ផ្ទះ សាលារៀន
lines/1772.jpg	-ប៉ារបស់ខ្ញុំជាកសិករធ្វើស្រែ។
lines/1774.jpg	-ផ្ទះនេះមានតម្លៃថ្លៃ។
lines/1785.jpg	អ្នកប្រម៉ាញ អ្នកយាម
lines/1775.jpg	-សាលារៀនរបស់មានសួនច្បារ។
lines/1779.jpg	-កម្ពុជាសម្បូរព្រៃឈី។
lines/1776.jpg	2,ដែលហៅថានាមសាធារណឬសាធារណនាមគឺនាមសម្តែង
lines/1781.jpg	-ពូរហែងជាកសិករ
lines/1777.jpg	ឈ្មោះមិនទូទៅចំពោះប្រាក់ច្បាស់លាស់។តែងល្បះ ធារី កម្ពុជា សៀមរាប ពូហេង ចែវ៉ាន់ថា
lines/1784.jpg	សកម្មភាពលក្ខណះអ្វីមួយ។តែងល្បះ អ្នកក្រុង អ្នកស្រែ អ្នកធំ
lines/1778.jpg	-ធារីជាសិស្សពូកែ។
lines/1783.jpg	3,ដែល ហៅថានាមករណ៍ឬករណនាគឺជានាមដែលសម្តែង
lines/1763.jpg	I . ពន្យល់ពាក្យ
lines/1782.jpg	-ចែវ៉ាន់ថាជាអ្នកលក់បាយ។
lines/1780.jpg	-សៀមរាបសម្បូរប្រាសាទបុរាណ។
lines/1766.jpg	ស្ងប់ស្ងែង(កិ)ការក្រែង ខ្លាចចិត្ត ខ្លាចក្រែងក្នុងចិត្ត។
lines/381.jpg	និរេធ
lines/382.jpg	អាហារភោជន អាហារជនបម្រើ។
lines/391.jpg	3,ចលានាអក្សរសិស្ស៍នីមួយៗមាន។
lines/383.jpg	ព្រះបច្ចេកពុទ្ធ ព្រះដែលរៀនធម៍ដោយខ្លួនឫងមិនអាចចែគចាយ។
lines/387.jpg	1,ចលនាអក្ស័សិស្ស៍មាន3គឺ
lines/384.jpg	សោមនស្ស
lines/397.jpg	IIIនិយមន័យ
lines/392.jpg	4,រឿងសិវិធស្ថិតនៅក្នុងចលនាអក្សរសិស្ស៍ខេមរះនិយមរឿងទី10
lines/385.jpg	ភិយ្យោភាព
lines/388.jpg	-ចលនាអក្សរសិស្ស៍ព្រាហ្មណ៏និយាម
lines/386.jpg	II
lines/390.jpg	-ចលនាអក្សរសិស្ស៍ខេមរនិយម
lines/389.jpg	-ចលនាអក្សរសិស្ស៍ពុន្ធនិយម
lines/394.jpg	-អាណាចាកភ្នំ
lines/395.jpg	-អាណាចាកអង្គរ
lines/393.jpg	5,ភាសាខ្មេរមានកាអភិវឌ្ឍធំៗ3លើក
lines/396.jpg	-អាណាចាកចេនឡា
lines/398.jpg	-គុណនាម គឺជាពាក្យទាំងឡាយណាតែប្រើ នាម គុណនាម គុណកិរិយា។
lines/399.jpg	គុណនាមមាន គឺ
lines/380.jpg	I ចូលពន្យល់ពាក្យ
lines/1896.jpg	៤,ដែលហៅថានាមការណ៍ឬនាមការណ៍គឺសម្រាប់សម្តែងម្នាក់ធ្វើអំពើឬសកម្មភាពលក្ខណះអ្វីមួយ
lines/1895.jpg	ប្រើនាមករឪ្យបាន៥ល្បះ
lines/1897.jpg	បែប។ចូលតែងល្បះអោយប្រើនាមករឪ្យបាន៥ល្បះ
lines/1899.jpg	-
lines/1900.jpg	-
lines/1894.jpg	៣,ដែលហៅថានាមករណ៍ឬករណនាគឺជានាមដែលសម្តែងសកម្មភាពលក្ខណះ។ចូលតែងល្បះអោយ
lines/1898.jpg	-
lines/1901.jpg	-
lines/1902.jpg	-
lines/1687.jpg	-អ្នកស្រែខិតខំធ្វើការណាស់។
lines/1688.jpg	-អ្នកភូមិខ្ញុំទៅធ្វើសំណង់។
lines/1689.jpg	-ថ្ងៃនេះប្អូនខ្ញុំទៅធ្វើស្រែ។
lines/1690.jpg	-ពុកខ្ញុំទៅមើលគោរ។
lines/1691.jpg	-ខ្ញុំទៅកាច់ពោត។
lines/1367.jpg	II
lines/1370.jpg	បានបន់ស្រន់ទេវតា អារក្សទឹកបានបំណងបានសម្រេចទ្រុងនិងកោរព្រះ
lines/1371.jpg	សេរិសាថ្វាយទើបទីនោះមានឈ្មោះ "ភ្នំបាយ៉ង់កោរមកដល់សព្វ
lines/1366.jpg	ពិស្ណុក (ន ) អ្នកដែលសាងសង់នៅឋានះសួរគ៍។
lines/1361.jpg	I
lines/1362.jpg	ឧបាយកល(ន) ល្បិចកិច្ចកលបោកបញ្ជាយ៉ាងស្អឹតល្អង។ត់មាត់ចត់។
lines/1368.jpg	1,រឿង “ភ្នំបាយ៉ង់កោរនៅខេត្តតាកែវ“ដកស្រង់ចេញពីសៀវភៅប្រជុំវរឿង
lines/1364.jpg	ព្រះសិរសា(ន) ក្បាល។
lines/1365.jpg	ស្ងប់ស្ងែង(កិ) ការកោតសសើរ លើកដង្កើន។
lines/1373.jpg	2, នៅពេលដែលព្រះបាទបាយ៉ាង់កោររត់ភៀសខ្លួនចេញពីពួកស្ដេច
lines/1372.jpg	ថ្ងៃ។
lines/1369.jpg	ព្រេងខ្មែរ៥។បានជាមានឈ្មោះថា "ព្រះអង្គបាយ៉ង់កោរពីព្រោះបាតបាយ៉ងកោរ
lines/1375.jpg	ព្រះអង្គបានបន់ស្រន់ ទេវតា អារក្សទឹកថាបីយ៉ាង គឺ.
lines/1380.jpg	ព្រោះនាងទិព្វសុតាចន្ទបានកាច់ផ្ការបស់តាលឹមសេងចំនួន6ទងហើយព្រះ
lines/1377.jpg	- សូមៀ្យជួបតែសេចក្តីសុខតាមផ្លូវ
lines/1376.jpg	- ឪ្យជួបសូមឪ្យពួកសៀមតាមទាន់
lines/1378.jpg	- សុំឲ្យជួបកន្លែងជាទីគាប់ចិត្ត។
lines/1379.jpg	បានជាព្រះនាងទិព្វសុតាចន្ទចុះមករស់នៅជាមួយតាលឹមសេងនៅឋានមនុស្សលោក
lines/1381.jpg	ឥន្រ្ទក៏បានដឹងរឿងនេះក៏បានដាក់ទោសឪ្យចុះមករស់នៅជាមួយតាលឹម
lines/1383.jpg	4,ព្រះពិស្ណុការបានរៀនវិជ្ជាពីទេវបុត្រពីឋានព្រះឥន្រ្ទខាងសិល្បះនិងសំណង់។
lines/1382.jpg	សេងចំនួន6ឆ្នាំ។
lines/1423.jpg	III
lines/1432.jpg	២, ដែលហៅថានាមសាធារណ៍ឬសាធារណនាគឺជានាមដែលសម្តែងឈ្មោះមិនទូទៅ
lines/1426.jpg	តែងល្បះដោយប្រើអសោធារនាមឪ្យបាន៥ល្បះ។
lines/1424.jpg	1,ដែលហៅថានាមសាធារណ៍ឬសាធារណនាគឺជានាមដែលសម្តែងឈ្មោះទូទៅ
lines/1425.jpg	មិនចំពោះ។
lines/1433.jpg	ចំពោះប្រាកដច្បាស់។តែងល្បះដោយប្រើអសោធារនាម
lines/1437.jpg	-អីនីកាបាននាំមិត្តទៅរៀនជាមួយគ្នា។
lines/1435.jpg	-មីងយ៉ានាំកូនទៅធ្វើបុណ្យដាក់ទាន។
lines/1434.jpg	-ពូសំនាំកូនទៅលេងប្រសាទអង្គវត្ត។
lines/1436.jpg	-ពូភុងបានទៅលេងខេត្តបន្ទាយមានជ័យ។
lines/1428.jpg	-កង់នេះមានតម្លៃសមរ្យមណាស់។
lines/1438.jpg	-សំណាំងរៀនពូកែណាស់។
lines/1440.jpg	លក្ខណះអ្វីមួយ។តែងល្បះដោយប្រើករណនាម៥ល្បះ
lines/1439.jpg	៣,ដែលហៅថានាមករណ៍ឬករណនាគឺជានាមសម្រាប់សំដែងអំពើសកម្មភាព
lines/1441.jpg	-មនុស្សមានទុសនិងត្រូវជារឿងធម្មតា
lines/1442.jpg	លោកគ្រូនិយាយមេរៀនច្រឡំ
lines/1427.jpg	-ដើមស្វាយនេះមានម្លប់ត្រជាក់ស្រួលណាស់។
lines/1443.jpg	៤,ដែលហៅថាមានករណ៏ឬការណ៏នាមគឺជានាមសម្រាប់សំដៅអំពើសភាពឬ
lines/1430.jpg	-សាលារៀនទើបតែសាងសង់រួច។
lines/1431.jpg	-សាលាភៅនេះមានទាក់ទងនិងប្រវត្ថិសាស្រ្ត។
lines/1429.jpg	-សៀវភៅនោះគួរឪ្យចង់ណាស់អានណាស់។
lines/1445.jpg	-អ្នកទីក្រុងបានទៅលេងនៅស្រែ។
lines/1444.jpg	លក្ខណះអ្វីបែប។ដែងល្បះដោយប្រើសារណនាម៥ល្បះ
lines/940.jpg	ង្គលដល់គ្រួសារ។
lines/941.jpg	ក្នុងនាមខ្ញុំជាបុគ្គលម្នាក់ខ្ញុំគិតថាគឺយើងត្រូវតែបញ្ជាប់
lines/942.jpg	អំពើហិង្សាគឺត្រូវផ្តល់សុភមង្គលដល់គ្រួសារវិញ។
lines/925.jpg	ធ្វើឪ្យគ្រួសារមានភាពរីកចម្រើននិងសេចក្តីសុខ។រីឯកូន
lines/929.jpg	លាមនៅសាលារៀន។ធ្វើបែបពេលយើងអនាគត់មា
lines/928.jpg	ចេះប្រើពាក្យសម្តើមិនសមស្របព្រោះយើងខិតខំរៀនសូត្រពីច្បាប់
lines/927.jpg	មិនឈ្លោះប្រកែកគ្នាហើយនិងឪ្យយើងមានគំនិតល្អៗមិន
lines/926.jpg	ក្មេងវិញត្រូវតើតែខិតខំរៀនសូត្រទើបធ្វើឪ្យគ្រូសាររីករាយ
lines/930.jpg	នគ្រួសារយើងនិងដឹងពីច្បាប់មិនប្រើអំពើហិង្សាមិននិយាយ
lines/931.jpg	ពាក្យដែលមិនសមមៀនិងឪ្យគ្រួសាមិនឈ្លោះគ្នសទើប
lines/933.jpg	៣ សប្រទេសជាតិ។
lines/934.jpg	សរុបសេចក្តីមកបើយើងមិនមានគ្រួសារពីរយើងត្រូវតែ
lines/932.jpg	ប្រើសើធ្វើឪ្យសង្គមនិងប្រទេសមានការអភិវឌ្ឍនិងការលូត
lines/939.jpg	បព្ចាប់នូវអំពើហិង្សានូវតាមគ្រួសារគឺត្រូវតែផ្តល់សុភម
lines/935.jpg	ចេះលើកលេងឪ្យគ្នាគឺមិនត្រូវតែប្រើអំពើហិង្សាមកបញ្ជាប់នូវ
lines/938.jpg	ប្រធានាងលើពិតជាមានតម្លៃអប់រំឪ្យយើងចេះ
lines/937.jpg	និងមនោសញ្ចោត។
lines/936.jpg	ជម្លោះឡើយត្រូវតែប្រភាពសមរម្យគិតដោយគំនិត
lines/2357.jpg	2,ស្រុកថ្មគោល គឺជាស្រុកដែលស្ថិតនៅក្នុងខេត្តបាត់ដំបង។
lines/2356.jpg	1,ភូមិបឹងក្រសាលគឺជាភូមិដែលស្ថិតនៅខេត្តបាត់ដំបង។
lines/2353.jpg	1,អ្នកណាមិនទៅលេងសៀមរាបអ្នកនោះនិងស្តាយក្រោយ
lines/2354.jpg	2,អ្នកណាមួយមើលងាយខ្ញុំ អ្នកនោះនិងជួបតែសេចក្តីអន្តរាយ
lines/2355.jpg	+សព្វនាមឈ្មាបដែល
lines/2352.jpg	+សព្វនាមមិនច្បាស់
lines/2359.jpg	ប្រធាន ពាក្យទូន្មានមួយឃ្លាពោលថា “ កូនកាចបំពេញទុក្ខ
lines/2358.jpg	IV តែងសេចក្តី
lines/2360.jpg	ម្តាយឪពុកម្តាយព្រួយបារម្ម កូនស្លូតចេះគួរសមបោមេបាថ្កុំថ្កើងកេរ្តិ៏ “។
lines/2361.jpg	សេចក្តីអធិប្បាយ
lines/2363.jpg	ម្តាយណាក៏រមែងតែងតែប្រាថ្នាអោយកូនខ្លួនឯងស្លូតចេះស្តាប់ដំបូ
lines/2362.jpg	ឪពុកម្តាយគ្រប់រូបដែលមានសង្ចារនៅលើលោកនេះឪពុក
lines/2366.jpg	សិន។អាស្រ័យហេតុនេះហើយទើបមានមតិពាក្យមួយ
lines/2365.jpg	នេះលុះត្រាតែឪពុកម្តាយគ្រប់រូបមានការអប់រំកូនៗជាមុន
lines/2369.jpg	តើពាក្យមួយឃ្លាដែលពោលខាងលើនេះមានអត្ថ
lines/2370.jpg	ន័យខ្លឹមសារ យ៉ាងដូចម្តេច?
lines/2367.jpg	ឃ្លាពោលថា “ កូនកាចបំពេញទុក្ខម្តាយឪពុកម្តាយព្រួយបារម្ម
lines/2368.jpg	កូនស្លូតចេះគួរសមបោមេបាថ្កុំថ្កើងកេរ្តិ៏ ឈ្មោះ“។
lines/2364.jpg	ន្មានឪពុកម្តាយដែរ។ប៉ុន្តែដើម្បីសម្រេចទៅតាមបំណងប្រាថ្នា
lines/2679.jpg	ពើអាក្រក់នេះទៀតគឺយើងនឹងអាប់ឪននិងធ្វើឲ្យគ្មាន
lines/2680.jpg	កាលរីកចម្រើនៅក្នុងសង្គម។ដូចនេះ ហើយយើងត្រូវតែធ្វើជាតែ
lines/2678.jpg	ឪពុកម្ដាយយើងនឹងយើងថែមទៀតបើគេនៅតែប្រព្រិត្តអំ
lines/2681.jpg	ធ្វើជាកូនស្លូតដើម្បីជួយការងារផ្ទះនិងខិតខំរៀនសូត្រដើម្បីក្លាយទៅជា
lines/2677.jpg	បើគេស្អប់មិនពិញចិត្តហើយគឺគេនិងមើលងាយដល់គ្រួសារយើង
lines/2685.jpg	រាប់អាននិងធ្វើឪ្យកេរ្តិ៍ឈ្មោះគ្រួសារយើងមានអ្នកលើកដង្ហើននិង
lines/2682.jpg	ល្អ នៅក្នុងសង្គមគ្រួសារនិងសាលារៀនបើយើងខិតខំរៀនបើយើងខំរៀននោះមានការងា
lines/2686.jpg	ពេញចិតនូវអ្វីៗដែយើងធ្វើឪពុកម្តាយមានបនភាពចំពោះ
lines/2684.jpg	កេសប្បាយចិត្តនិងទុកចិត្តគេយើងជាមនុស្សល្អតែតែមាននាក់ស្រលាញ់
lines/2683.jpg	ធ្វើនិងមាននាក់រាប់រកចូលចឹត្តព្រោះគេទុកចិត្តយើងព្រោះយើង ធ្វើ.
lines/2687.jpg	កូនព្រោះកូនស្តាប់ឪពុកម្តាយព្រោះប្រដៅបានជាកូនមិនប្រព្រឹកអំពើ
lines/2688.jpg	អំពើអាក្រក់ធ្វើឪ្យកូនជាកូនល្អម្នាក់មិនចេះឆក់ភ្លន់ឬលួចទ្រព្យសម្បត្តិអ្នក
lines/2689.jpg	ជនៃគឺខិតខំរៀនសូត្រដើម្បីមានកាងាធ្វើនិងមានកេឈ្មោះអ្នកមាន
lines/2690.jpg	កេរ្តិ៍ឈ្មោះថ្កុំថ្កើងនៅក្នុងសង្គមនិងមានអ្នករាប់អានច្រើនព្រោះយើង
lines/2692.jpg	មួយជីវិត។ឧទាហរណ៍ទៅចិត្រជាក្មេងស្តាប់ពាក្យទូម្នានឪពុកម្តាយ។
lines/2698.jpg	ម្នាក់ៗ។ក្នុងជាកូនល្អម្នាក់គឺខ្ញុំត្រូវតែធ្វើជាកូនស្លូតនេះ
lines/2691.jpg	បានស្គាប់ឪពុកម្តាយទូន្មានតើបយើនក្រមសិលធម៏នៅក្នុងខ្លួនពេញ
lines/2694.jpg	គឺជាកូនដែលធ្វើឪ្យម្តាយព្រួយបារមពីអនាគត់និងកិត្តិយសកេរីឈ្មោះ
lines/2693.jpg	សរុបសេចក្តីមកកូនកាចគឺជាកូនដែលមិនស្តាប់បង្គាប់ឪពុក
lines/2695.jpg	។តែបើកូនស្លូតវិញគឺគេចចេះស្គាប់ពាក្យទូន្នានគេនិងអនាគតកេរ្តិ៍ឈ្មោះ
lines/2697.jpg	ប្រធានខាងលើពិតជាមានតម្លៃអប់រំខ្លាំងណាស់ចំពោះមនុស្ស
lines/2696.jpg	ល្អតទៅមុខរហូត។
lines/2700.jpg	នៅក្នុងសង្គមជាតិមួយចះនេះ។
lines/2699.jpg	តួសមនិងធ្វើឪ្យគ្រួសារមានកេរ្តិ៍ឈ្មោះល្អនិងខ្ញុំមានអនាគត់
lines/824.jpg	ដើម្បីបកស្រាយទស្សនះខាងលើឪ្យកាន់តែក្បោះក្បាយ
lines/839.jpg	សប្បាយរីករាយ ត្រូវបែកបាក់ក្នុងគ្រួសារ ហើយធ្វើឱ្យបាត់បង់សុភមង្គល
lines/837.jpg	សរុបសេចក្តីមក អំពើហិង្សាមិនបានផ្តល់គុណសម្បត្តិអ្វីនោះ
lines/838.jpg	គឺផ្តល់តែផលបាត់បង់ក្នុងគ្រួសារប៉ុណ្ណោះ ធ្វើឱ្យគ្រួសារដែលធ្លាប់តែ
lines/825.jpg	ជាបឋមយើងត្រូវសិក្សាពាក្យគន្លិះមួយចំនួនជាមុនសិនគឺពាក្យ
lines/840.jpg	គឺជាគ្រួសារមួយដែលលែងមានសុខទុក្ខដូចពីដំបូង។
lines/827.jpg	ការបញ្ចោញកំហឹង ប្រើកម្លាំងបាយមិនស្តាប់ហេតុផលអ្វីទាំងអស់។
lines/841.jpg	ដូចនេះ
lines/842.jpg	ទស្សនៈខាងលើពិតជាមានអត្ថន័យយ៉ាងជ្រាលជ្រៅ សម្រាប់
lines/844.jpg	ពេល។ក្នុងនាមយើងជាសិស្ស យើងត្រូវខិតខំសិក្សារៀន
lines/845.jpg	សូត្រឱ្យពូកែ ដើម្បីយកចំណេះដឹងមក រកការងារល្អធ្វើ។
lines/843.jpg	អប់រំពួកយើងឱ្យយើងកសាងខ្លួនឲ្យល្អសាជាថ្មី ទាន់មិនទាន់ហួស
lines/826.jpg	"អំពើហិង្សា ","បាត់បង់សុភមង្គល "។ ពាក្យ "អំពើហិង្សា មានន័យថា
lines/828.jpg	ចំណែកឯពាក្យ "បាត់ចង់សុភមង្គល "មានន័យថាការបាត់បង់គ្រួសារ
lines/829.jpg	ដ៏ល្អ តម្លៃគ្រួសារ។ដូចនេះទស្សនះមានន័យថាការប្រើកម្លាំង
lines/830.jpg	បាយមិនស្តាប់ហេតុផលអ្នកដទៃធ្វើឪ្យបាត់បង់គុណតម្លៃរបស់
lines/831.jpg	គ្រួសារ។
lines/834.jpg	របស់គ្រួសាគឹការជឿជាក់លើគ្នាទៅវិញទៅមកមិនត្រូវនឹងរូស
lines/832.jpg	ដូច្នេះទស្សនះ
lines/833.jpg	ជាការពិតណាស់ទស្សនះខាងលើចង់ឪ្យយើងដឹងពីគុណតម្លៃ
lines/836.jpg	មិនសូវមានអំពើហិង្សាកើតឡើង។
lines/823.jpg	តើទស្សនះខាងលើនេះមានអត្ថន័យយ៉ាងដូចម្តេច?
lines/835.jpg	មិនស្តាប់ហេតុផលគ្នាទេត្រូវហេតុផលជាមុនសិនទើបធ្វើឪ្យគ្រួសារ
lines/2189.jpg	ងស្អប់ខ្ពើមនោះទេ។គេតែងតែប្រដៅថាកូនធំឡើងត្រូវតែធ្វើជា
lines/2191.jpg	យើងឬក៏យើងទៅលេងផ្ទះគេយើងកូនត្រូវតែគោរពសំពះអោនទោន
lines/2193.jpg	ការណែនាំប្រៀនប្រដៅរបស់ឪពុកម្តាយគឺជាកូបល្អឆ្លាតពូកែ។
lines/2186.jpg	ជាការពិតណាស់
lines/2194.jpg	ចាស់ប្រឹត្រិ្តការណ៏និងក្លាយទៅក្មេងល្អក្នុងក្រុមគ្រួសរហើយក៏ជាសិស្ស
lines/2187.jpg	គ្រប់ក្រុមគក្រួសារទាំងអស់តែងមានកូន។ហើយពួកគាត់តែងតែប្រៀនប្រដៅ
lines/2195.jpg	ល្អនៅក្នុងសាលារៀនហើយជាក្មេងក្នុងភូមិទៅណាមកណា
lines/2198.jpg	តែពេលដែលកូនធំឡើងចេះស្តាប់គ្នាបង្គាប់ឪពុកម្តាយប្រៀនប្រដៅគាត់ពិត
lines/2206.jpg	លទំនេរមិនឪ្យកូនដើរលេងហេតហូតដូចកូនគេដ៏ទៃទៀតនោះទេ
lines/2188.jpg	កូនៗរបស់ឪ្យដើរផ្លូវល្អធ្វើរឿងល្អមិនឪ្យទៅធ្វើរឿងដែលសង្គមយើ
lines/2196.jpg	មានតែគេស្រលាញ់រាប់អានច្រើនទៀតផង។ពេលដែលឪពុលម្តាយខំចិញ្ចឹម
lines/2207.jpg	គាត់ចង្រៀនកូនគាត់កូនតាំងពីគេអោយ12ឆ្នាំមកម្លេះមិនចេះឪ្យកូនដើរលេង
lines/2208.jpg	មោតរហូតដួចកូនគេនោះទេគាត់បង្រៀនកូនល្អតាំងពីតូចចេះស្តាប់
lines/2190.jpg	ក្មែងល្អពេលដែលឃើញចាស់ទុំឬក៏បងប្អូនពូមីងដែលមកលេងផ្ទះ
lines/2197.jpg	កូនតាំងពីតូចរហូតដល់ធំដឹងក្តីវាពិតជាពិបាកណាំស់មិនងាយស្រួលនោះទេ
lines/2192.jpg	ឪ្យបានសមរម្យមិនត្រូវធ្វើក្មេងឈ្លើយនោះទេកីនចៅដែលចេះស្តាប់
lines/2199.jpg	ជាសប្បាយចិត្តណាស់ហើយពេលណាដែលធំឡើងបានកូនល្អមានគេ
lines/2201.jpg	ធំទៅធ្វើជាក្មេងល្អហើយចេះស្ដាប់បង្កប់ឪពុកម្តាយពេលទំនេរពីកា
lines/2202.jpg	រសិក្សាមកមានកិច្ចកាផ្ទះអ្មកគ្រូលោកគ្រូដែលបានដាក់អោយនៅផ្ទះគាត់
lines/2205.jpg	គាត់ទំនេអត់ប្រយោជន័នោះទេឪ្យជួយទៅមើលស្រែឬចម្ការគាត់នៅពេ
lines/2200.jpg	ស្រលាញើចូលចឹត្តច្រើនគាត់ពិតជាសប្បាយចិត្តខ្លាំងណាស់ដែលកូនគាត់
lines/2204.jpg	កូនគាត់ទំនេរឪ្យជួយធ្វើកិច្ចការងាផ្ទះរបស់ពុកម្តាយមិនឪ្យកូន
lines/2203.jpg	បានបង្ហាត់បង្រៀនឪ្យជួយធ្វើកិច្ចការសាលាឪ្យរួចហើយ។គាត់ពេល
lines/2209.jpg	បង្គប់ឪពុកម្តាយចេះគោរពរចាស់ទុំ។ហើយពេលទៅសាលារៀនត្រូវខិត
lines/2210.jpg	ខំរៀនសូត្រ។ពេលរៀនមិនត្រូវប្រលែងគ្នាក្នុងម៉ោងរៀននោះទេ
lines/2211.jpg	ត្រូចេះស្តាប់លោកគ្រូឬអ្នកគ្រូបង្រៀនមិនត្រូវលឺមាត់ក្នុងម៉ោងរៀនទេ។
lines/129.jpg	+គុណនាមចំនួន បង្ហាញ់ពីចំនួន បរិមាណនិងលំដាប់។
lines/114.jpg	ឃើញបិតជាក់ស្តែងក្នុងសង្គមជាតិខ្មែរតែម្តងភ្ជាប់ជាមួយប្រវត្តិសាស្រ្ត ភូមិសាស្រ្ត
lines/123.jpg	-គុណនាមសំណួរ
lines/115.jpg	វប្បធម៏ សង្គមធម៏….ស្របទៅតាមលោកកីសច្ចះទាំងស្រុង។
lines/116.jpg	+ចលនាអក្សរសិស្ស៍បរទេសនិយមគឺជាអក្សរសិស្ប៍ដែលពុំស្របតាមលទ្ធិព្រាហ្មណ៍
lines/125.jpg	2,ឪ្យនិយមន័យគុណនាមនីមួយៗ
lines/117.jpg	ព្រះពុទ្ធសាសនាឬទំនាបសឹងសាតរបស់ខ្មេរនោះឡើយទេ។គោលនិយមនេះមាន
lines/130.jpg	+គុណនាមចង្អុល សម្រាប់ប្រាប់បង្ហាញកំណត់ចង្អុលនៅទីជិត ឬឆ្ងាយក្នុងស្ថានភាពបែបបទណាមួយ។
lines/126.jpg	+គុណនាមប្រក្រតី ឬ បដិសេធគុណនាម គឹសម្រប់ប្រាប់លក្ខណះធម្មតាឬសម្តែង
lines/118.jpg	ឥទ្ថិពលខ្លាំងខ្លាទៅលើសុជីវធម៏សម្លៀកបំពាក់ សិស្ប៍ រាំរែក…..។
lines/112.jpg	មានអក្សរសិស្ស័ពុទ្ធិនិយមសុតសាធ ពុទ្ធនិយមបក្លាយនិងពុទ្ធនិយមក្លាយហួសហេតុ។
lines/113.jpg	+ចលនាអក្សរសិស្ស៍ខេមរះនិយមគឺជាការប្រឌិតតាមការណ៍ដែលគេធ្លាស់
lines/119.jpg	III 1, ដែលហៅថា គុណនាមគឺជាពាក្យសម្គាល់លក្ខណះរបស់នាម។មាន6ប្រភេទគឹ៖
lines/127.jpg	គុណភាព លក្ខណះរបស់មនុស្ស ស្អាត វត្ថុ និងទីកន្លែង។
lines/124.jpg	-គុណនាមចំនួន
lines/120.jpg	-គុណនាមប្រក្រតី ឬ បដិសេធគុណនាម -គុណនាមអង្អុល
lines/121.jpg	-គុណនាមកំណត់ គុណនាមមិនច្បាស់លាស់
lines/128.jpg	+គុណនាមកម្នសិទ្ធគឹជាបង្ហាញពីម្ចាស់នៃកម្មសិទ្ធ។
lines/122.jpg	-គុណនាមកម្មសិទ្ធិ
lines/131.jpg	+គុណនាមកំណត់គឹសម្រាប់ប្រាប់ឬបង្ហាញ សភាពចម្ងាយ (ច្បាស់ មិន ច្បាស់ ជិត ឆ្ងាយ….។
lines/406.jpg	អ្នកដទៃ។ទស្សនមួយលើកឡើងថា"អំពើហិង្សានាំ
lines/407.jpg	ឪ្យគ្រួសារបាត់បង់សុភមង្គល "។
lines/408.jpg	តើប្រធានខាងលើនេះមានអត្ថន័យដូចម្តេច?
lines/409.jpg	អំពើហិង្សានាំឪ្យគ្រួសារបាត់បង់សុភមង្គល។
lines/410.jpg	ដើម្បីជាចំនួនដល់ការបកស្រាយប្រធានយើងគប្បី
lines/411.jpg	យល់នៅពាក្យគន្លិះជាមុនសិន អំពើហិង្សារមនុស្សដែល
lines/412.jpg	ចូលចឹត្តយកអំពើហិង្សាមកដោះស្រាយបញ្ហាទោះជាយើ
lines/424.jpg	គួរតែចេះយកយល់អធ្យាស្រ័យឪ្យគេទៅវិញទៅមកទើប
lines/413.jpg	រឿងនិងតូចតាចក៏ដោយ។គ្រួសារបើសិនជាមិនចង់
lines/414.jpg	ឪ្យមានអំពើហិង្សាក្នុងគ្រួសារទេយើងគួរតែចេះអត់
lines/416.jpg	ចង់មានសុភមង្គលយើងគួរតែចេះយកយល់អធ្យាស្រ័យ
lines/417.jpg	ឪ្យគេទៅវិញទៅមកទើបធ្វើឪ្យយើងមានសុភមង្គល
lines/415.jpg	ឧនឪ្យគ្នាទៅវិញទៅមក។" សុភមង្គល"បើសិនជាយើង
lines/400.jpg	IV
lines/419.jpg	មនុស្សដែលចូលចឹត្តយកអំពើហិង្សាមកដោះស្រាយបញ្ហា
lines/418.jpg	ដូចច្នោះប្រធានខាងលើមានអត្ថន័យដូចជាអំពើហិង្សា
lines/420.jpg	ទោះជារឿងតូចក៏ដោយ។សូច្នោះគ្រួសារនើសិនជា
lines/421.jpg	មិនចង់ឪ្យមានអំពើហិង្សាក្នុងគ្រួសារទើយើងគួរតែ
lines/403.jpg	សេចក្ដីអធិប្បាយ
lines/401.jpg	ទស្សនៈមួយបានលើកឡើងថា៖ «អំពើហិង្សានាំឪ្យគ្រួសារបាត់បង់
lines/405.jpg	គ្នាអ្នកខ្លះមិនបានគិតទេថាធ្វើចឹងអាងម៉ះប៉ះពាល់ដល់
lines/404.jpg	នៅក្នុងសង្គមមនុស្សម្នាក់ៗមានការយល់ដឹងខុសៗ
lines/402.jpg	សុភមង្គល»។ ចូរបកស្រាយ និងលើកឧទាហរណ៍មកបញ្ជាក់។
lines/422.jpg	ចេះអត់ឪនឪ្យគ្នាទៅវិញទៅមក។ដូចនេះសុភមង្គល
lines/423.jpg	បើមិនចង់ឪ្យបើសិនថាយើងចង់ឪ្យមានសុភមង្គលយើង
lines/592.jpg	-សម័យចេនឡា
lines/587.jpg	1- ចលនាអក្សរសិស្ស៍នីមួយៗមាន4គឺ ពុន្ធនិយម ខេមរះ
lines/586.jpg	II
lines/588.jpg	និយម ព្រាហ្មណ៏និយាម។
lines/589.jpg	4,រឿងសិរិចរស្ថិតក្នុងចលនាអក្សរសិស្ស៏ព្រាហ្មណ៏និយាម។រឿងទី10
lines/590.jpg	5,ភាសាខ្មែរមានការអភិវឌ្ឍធំៗ 3 លើកហើយ។
lines/591.jpg	-សម័យភ្នំអាណាចក្រភ្នំ
lines/593.jpg	-សម័យអង្គរ
lines/601.jpg	គុណនាមគឺជាពាក្យទាំងឡាយណាដែលបញ្ជាក់លាក់
lines/599.jpg	-គុណនាមចង្អុល
lines/594.jpg	។III 1.គុណនាមមាន6
lines/600.jpg	-គុណនាមរាប់កម្មសិទ្ធ
lines/595.jpg	-គុណនាមប្រក្រតី
lines/596.jpg	-គុណនាមមិនច្បាស
lines/597.jpg	-គុណនាមសំណួរ
lines/598.jpg	-គុណនាមចំនួន
lines/602.jpg	ខណះឪ្យនាម។
lines/2573.jpg	ក្នុងនាមខ្ញុំជាសិស្សថ្នាក់10ខ្ញុំយល់ស្រាបនិងប្រធានខាងលើនេះណាស់
lines/2570.jpg	សុធាត់អាណិតណារិនហៅណារិនទៅធ្វើការចាប់ពីរនោះមកណរិនក៏កែខ្លួន។
lines/2565.jpg	តែខំខិតខំរៀបសូត្រព្រោះការរៀនណនាំដោយអនាគត់ល្អនិងមានការធ្វើ។
lines/2571.jpg	សរុបសេចក្តីមកប្រធានខាងលើមានន័យថាចង់ឪ្យយើងពួកយើងខិតខំរៀន
lines/2568.jpg	ក៏ធ្លាក់ខ្លួនឈឺថ្ងៃមួយណារិនក៏បានជួបសុធាត់ដោយចៃដនណារិន
lines/2572.jpg	សូត្រនិងស្តាប់ទូន្មានប្រដៅរបស់ឪពុកម្តាយនិងនាក់គ្រូលោកគ្រូ
lines/2574.jpg	ខ្ញុំចង់អោយកូនសិស្សមួយចំនួនអោយចេះស្តាប់នាក់គ្រូលោកគ្រូមួយចំណែ
lines/2566.jpg	អស់រយះពេល2,3ឆ្នាំមមកសុធាត់រៀនចប់ហើយក៏ដោយធ្វើការទីក្រុងភ្នំពេញ។
lines/2569.jpg	ហេតុអ្វីក៏ខ្លួនបែបនេះណារីន ព្រោះ ការ ឡូយ ឆាយឆាវ ហើយ ក៏ ម្ដាយ គ្នាធ្លាក់ខ្លួនឈឺ.
lines/2575.jpg	កទៀតខ្ញុំត្រូវញ៉ាផានិតធើកូនល្អ។
lines/2567.jpg	ចំនែកឯណារិនក្រុមគ្រួសារណារិនក៏ធ្លាក់ខ្លួនក្រព្រោះឡូយឆាយនិងម្តាយណារិន
lines/71.jpg	តាមលទ្ធិព្រាហ្មណ័ ព្រះពុទ្ធសាសនាឬទំនាមសឹងសាតរបស់ខ្មែរ
lines/86.jpg	-គុណនាមកំណត់ គឺសម្រាប់ប្រាប់ការបង្ហាញ សភាព ចម្ងាយ
lines/87.jpg	(ច្បាស់ មិនច្បាស់ និង ជិតឬ ឆ្ងាយ...) ។
lines/64.jpg	សិស្ប័បែបពុទ្ធនិយមនេះមានអក្សរសិស្ប៍ពុទ្ធនិយមសុទសោច
lines/72.jpg	នោះទេគោលនិយមនេះមានឥទ្ធិពលខ្លាំងក្លាទៅលើ
lines/65.jpg	ពុទ្ធនិយមក្លាយនិងពុទ្ធនិយមក្លាយហួរហរតុ។
lines/66.jpg	-ចលនាអក្សរសិស្ស៍ខេមរះនិយមគឺជាការប្រឌិតតាមការណ៍
lines/73.jpg	សុជីវធម័ សម្លៀកបំពាក់ សិស្បះ រាំរែក…..។
lines/77.jpg	-គុណនាមកំណត់
lines/67.jpg	ដែលគេធ្លាប់ឃើញពិយជាស្តែងក្នុងសង្គមជាតិខ្មែរតែ
lines/68.jpg	ម្តងភ្ជាប់ជាមួយប្រវត្តិសាស្រ្តភូមិសាស្រ្ត វប្បធម័
lines/81.jpg	-គុណនាមសំណួរ
lines/69.jpg	......ស្របទៅតាមលោកកីសច្ឆះទាំងស្រុង។
lines/88.jpg	-គុណនាមកម្មសិទ្ធិ បង្ហាញពីម្ចាស់នៃកម្មសិទ្ធិ.. ។
lines/70.jpg	-ចលនាអក្សរសិស្ស៍បរទេសនិយមជាអក្ស័សិស្ប៍ដែលពុំស្រប
lines/78.jpg	-គុណនាមចង្អុល
lines/76.jpg	-គុណនាមប្រក្រតី ឬ បដិសេធគុណនាម
lines/89.jpg	-គុណនាមសំណួរ សម្រាប់សួរ រកសភាពលក្ខណៈចំនួន …..ពិត
lines/82.jpg	-គុណនាមចំនួន
lines/83.jpg	2. និយមន័យគុណនាមនីមួយៗ
lines/84.jpg	-គុណនាមប្រក្រតី ឬ បដិសេធគុណនាម គឺសម្រាប់ប្រាប់លក្ខណៈ
lines/85.jpg	ធម្មជាតិ ឬ សម្តែង គុណភាពលក្ខណៈរបស់មនុស្ស សត្វ និងវត្ថុ និងទីកន្លែង….។
lines/80.jpg	-គុណនាមមិនច្បាប់ស់
lines/79.jpg	-គុណនាមកម្មសិទ្ធិ
lines/74.jpg	III.
lines/75.jpg	1. គុណនាម គឺជាពាក្យសម្គាល់លក្ខណៈរបស់នាម។ មាន ៦ ប្រភេទគឺ
lines/2398.jpg	ទន្ទឹមនិងនេះកូនដែលកាចមិនស្តាប់សម្តើឪពុកម្តាយតែងជួបេ
lines/2399.jpg	របន្តរាយនៅថ្ងៃណាមួយប៉ុន្តែកូនចេះស្តាប់ឪពុកម្តាយចេះស្គាល់
lines/2400.jpg	ញាតិតែជួបសេចក្តីសុខហើយមិនមានអ្នកគុំគួនរឡើយ។
lines/2401.jpg	ងាកមកមើលរឿងទុំទាវវិញអ្នកនិពន្ធបានឆ្លុះបញ្ចាំងពីនាង
lines/2402.jpg	សេចរុបសេចក្តីមកគឺគឹចង់បង្ហាញអោយឃើញថាការ
lines/2404.jpg	សេចក្តីអពង្គលក្នុងជីវិត
lines/2403.jpg	មិនស្តាប់ការប្រៀនប្រដៅរបស់ម្តាយឪពូកគឹតែងតែរមែងជួបតែ
lines/2405.jpg	ទាវដែលជាកូនកត្តញសុខចិត្តរត់មកមើលម្តាយឈឺនៅឯស្រុក
lines/2407.jpg	រៀបការជាមួយមុឺងងួន។
lines/2406.jpg	ប៉ុន្តែទាវមិនស្តាប់សម្តីម្តាយផងដែរព្រោះនាងមិនព្រម
lines/2408.jpg	សេរុបសេចក្តីមកពាក្យមួយឃ្លាដែលគេបានពោលថាខាងលើពិតជា
lines/2416.jpg	ដូចនេះក្នុងនាមយើងជាកូនខ្មែរយើងត្រូវគប្បីបេជ្លាចិត្តមួយថ្លើមមួយ
lines/2412.jpg	ឆ្លងកាត់តាមកាមកស្រាយប្រធានខាងលើយ៉ាងក្បោះក្បាយនិងស៊ី
lines/2413.jpg	ជម្រៅមកពាក្យមួយឃ្លាយើងនេះពិតជាបានបង្ការបំនូវអត្ថន័យសម្រា
lines/2417.jpg	ត្រូវតែស្តាប់ការអប់រំទូន្មានប្រៀនប្រដៅពីមេបាេកុំធ្វើខ្លួនកាចដើម្បីកុំអោយឪពុកម្តាយមានទុក្ខព្រួយ។
lines/2415.jpg	ចេះគោរពចាស់ទុំដើម្បីកុំឪ្យមានវិត្តិនៅពេលក្រោយ។
lines/2410.jpg	មនុស្សចាស់ហើយត្រូវចេះគោរពអ្នកដទៃដើម្បីឪ្តឪពុកម្តាយ
lines/2409.jpg	បានអប់រំអោយយើងត្រួវចេះស្តាប់ដំបូន្មានឪពុកម្តាយបិនកាចដាក់
lines/2411.jpg	មានមោទភាព។
lines/2414.jpg	សរបជរំអោយយើងមាននូវករចេះស្តាប់ដំបូន្មានឪពុកម្តាយ
lines/91.jpg	និរេាធ(ន) ព្រះធម៏សម្រាប់លត់សង្ខារគឺធ្វើឪ្យបានខ្យល់បាត់ដង្ហើមតែជីវិតឪ្យនាង
lines/92.jpg	អាហារភោជន(ន)
lines/97.jpg	1,ចលនាអក្ស័សិស្ស៍មាន4គឺ
lines/96.jpg	II . ចម្លើយ
lines/93.jpg	ព្រះបច្ចេកពុទ្ធ(ន) លោកអ្នកត្រាស់ដឹងចំពោះតែខ្លួនមួយមិនអាចព្រានប្រដៅគេ។
lines/94.jpg	សោមនស្ស(ន)សេចក្តីសប្បាយចឹត្តនិងសប្បាយរីករាយ។
lines/90.jpg	I ពន្យល់ពាក្យ
lines/95.jpg	ភិយ្យោភាព(ន)ដំណើរក្រៃលែង។
lines/100.jpg	-ចលនាអក្សរសិស្ស៍ខេមរះនិយម
lines/98.jpg	-ចលនាអក្សរសិស្ស៍ព្រាហ្មណ៏និយាម
lines/99.jpg	-ចលនាអក្សរសិស្ស៍ពុន្ធនិយម
lines/101.jpg	-ចលនាអក្សរសិស្ស៍បរទេសនិយម
lines/102.jpg	2,ដែលហៅថាចលនាអក្ស័រសិស្ស៍គឺជាដំណើរប្រែប្រួលនៃអក្សរសិស្ស៍
lines/103.jpg	តាមការនិយាយមនៃវណ្ណះឬក្រទាប់សង្គមលើនៃប្រវត្តិសាស្រ្ត។លេទ្រឹស្រ្តី
lines/104.jpg	ទស្សនះគោលគំនិតណាមួយក្នុងដំណាក់កាលប្រវត្តិសាស្រ្ត។
lines/105.jpg	3,ឪ្យនិយមន័យចលនាអក្សរសិស្ស៍និមួយៗ៖
lines/106.jpg	+ចលនាអក្សរសិស្ស៍ព្រាហ្មណ៏និយាមគឺជាស្នាដៃអក្សរសិស្ស៍ទាំងឡាយណា
lines/107.jpg	ដែលមានទំនាក់ទំនងទៅនិងបែបបទសទ្ធិសាសនាព្រាហ្មណ៏។
lines/108.jpg	+ចលនាអក្សរសិស្ស៍ពុន្ធនិយមជាអត្តបទរឿងរ៉ាវផ្សេងៗដែលទាក់ទងនិងការ
lines/109.jpg	លើកយកទ្រឹស្រ្តីពុទ្ធសាសនាធ្វើជាគោល ហើយទ្រឹស្រ្តីទាំងនោះស្ថិតនៅក្នុងគម្ពីរព្រះ
lines/110.jpg	ត្រៃបីដកដែលអ្នកនិពន្ធលើកយកសញ្ញាបុណ្យ បាប ផលល្អ ផលអាក្រក់
lines/111.jpg	របស់តួរអង្គ មកចោទនិងដោះស្រាយអក្ស័រសិស្សសិស្ស៍បែបពុទ្ធនិយមនេះ
lines/2342.jpg	របស់សព្វនាម។
lines/2335.jpg	+សង្គមបរិយាកាសគឺជាសម្តែងដែលអ្នកនិពន្ធបានសរេសរ
lines/2340.jpg	ហើយសព្វនាមបុរសិះមាន3គឺបុរសះ បុរសទី បុរសទី2 បុរសទី3។
lines/2337.jpg	III វេយ្យាករណ៏
lines/2343.jpg	+សព្វនាមបុរិសះ
lines/2338.jpg	1,សព្វនាមបរិសះ ជាសព្វនាមដែលសម្តែងឈ្មោះមិនទូទៅ
lines/2341.jpg	2,តែងល្បះឪ្យបាន2ល្បះទៅតាមប្រភេទនីមួយៗ
lines/2336.jpg	រៀបរាប់ពីសម័យអាណានិគមបណាមួយ។
lines/2339.jpg	។ហើយសព្វនាមបុរសះមានពាក្យ គាត់ វា ឯង ។
lines/2346.jpg	+សព្វនាមសំណួរ
lines/2345.jpg	2,នីតាយកបាយទៅមើលគោ។
lines/2351.jpg	2,នោះជាប៊ិចរបស់ខ្ញុំ ឯនវជាជាប៊ិចរបស់ឯង។
lines/2344.jpg	1,បុផ្ជាជាក្មេងពូកែភាសាខ្មែរ។
lines/2347.jpg	1,តើរបស់អ្វីខ្លះនៅទីនេះ?
lines/2348.jpg	2,តើនរណាលួចសៀវភៅរបស់ខ្ញុំ?
lines/2349.jpg	+សព្វនាមចង្អុល
lines/2350.jpg	1,នោះជាប្រាសាទអង្គវត្ត ឯនេះជាប្រសាទបាយន័។
lines/1088.jpg	ប្រាកដនៃមនុស្សសត្វ វត្ថុជាជាដើម។
lines/1093.jpg	3,កោនេះធាត់ជាងគេព្រោះជាស៊ីសៅច្រើន។
lines/1089.jpg	+គុណនាមចំនួនបង្ហាញពីចំនួនបរិមាណនិងលំដាប។
lines/1104.jpg	ចេះស្រលាញ់និងមើលថែនាំគ្នាមិនឈ្លោះគ្នាប្រកែកគ្នាប្រើ
lines/1105.jpg	អំពើហិង្សាដាក់គ្នា។
lines/1106.jpg	តើទស្សនះខាងលើមានអត្ថន័យដូចម្តេច?ចូលពន្យល់?
lines/1090.jpg	+គុណនាមចង្អុលសម្រាប់ប្រាប់បង្ហាញកំណតចង្អុលនៅទីជិតឬទីឆ្ងាយក្នុងស្ថានភាពបែបណាមួយ។
lines/1091.jpg	ស
lines/1092.jpg	+គុណនាមមិនច្បាស់ប្រាប់សេចក្តីមិនជាក់លាក់មិនប្រាក់។
lines/1094.jpg	-សៀមរាបមានចម្ងាយឆ្ងាយពីទីក្រុងភ្នំពេញ។
lines/1096.jpg	-តើអ្នកមីងអញ្ចើញមកពីរណាដែរ។
lines/1098.jpg	-ម៉ូតូនេះជារបស់ខ្ញុំឯម៉ូតូនោះជាម៉ូតូមិត្តខ្ញុំ
lines/1095.jpg	-ឆ្កែខ្ញុំសម្បុរខ្មៅរលោង។
lines/1102.jpg	សេចក្តីអធិប្បាយ
lines/1100.jpg	IV ទស្សនៈមួយបានលើកឡើងថា «អំពើល្អនាំឪ្យគ្រួសារ
lines/1099.jpg	-ខ្ញុំមិនយល់ពីអ្វីដែលអ្នកនិយាយនោះទេ។
lines/1103.jpg	ក្គ្រួសារនីមួយៗតែងប្រាថ្នានៅសេចក្តីសុខសុភមង្គល
lines/1097.jpg	-ខ្ញុំរៀនថ្នាក់ទី10។ប្អូនខ្ញ។រឪនថ្នាក់ទី01។
lines/1101.jpg	បាត់បង់សុភមង្គល»។ ចាប់ពន្យល់និងលើកឧទាហរណ៍បញ្ជាក់?
lines/1207.jpg	− គុណនាម ឈ្នាប់
lines/1206.jpg	− គុណនាមបុរិសៈ
lines/1185.jpg	- ចលនាអក្សរសិល្ប៍ពុទ្ធនិយមគឺជារឿងរ៉ាវផ្សេងដែលទាក់ទងនឹងការលើក
lines/1190.jpg	ពិតជាក់ស្ដែង ក្នុងសង្គមជាតិខ្មែរ តែម្ដងភ្ជាប់ជាមួយ ប្រវត្តិសាស្ត្រ ភូមិសាស្ត្រ និង
lines/1187.jpg	ដែលអ្នកនិពន្ធលើកយកមកបង្ង បញ្ហា បុណ្យ បាប ផលល្អ ក្រា អាក្រក់របស់
lines/1196.jpg	II
lines/1199.jpg	- គុណនាមសំណួរ
lines/1188.jpg	តួអង្គមកចោទនឹងដោះស្រាយ ។
lines/1194.jpg	សម្លៀកបំពាក់ សីល្ប៍ម រាំរែក។
lines/1197.jpg	1.ដែលហៅថាគុណនាមគឺជា សំដីសំដៅសម្រាប់សំដែងសភាពលក្ខណៈរបស់នាម។
lines/1192.jpg	- បរទេសនិយម ជាអក្សរសិល្ប៍ដែល ពុំស្រប លិទ្ធិព្រាហ្មព្រះពុទ្ធសាសនា និង
lines/1191.jpg	វប្បធម៌ សង្គមធម៌ ។
lines/1195.jpg	4
lines/1200.jpg	- គុណនាមចង្អុល
lines/1193.jpg	ទំនាមសាសនា របស់ខ្មែរនោះទេគោលនិយមនេះមានឥទ្ធិពលទាំងខ្លាំងក្លាទៅលើសុជីវធម៌
lines/1186.jpg	យកទ្រឹស្ដីពុទ្ធសាសនាជាគោល ហើយទ្រឹស្ដីទាំងនោះស្ថិតក្នុងគម្ពីរព្រះត្រៃបិដក
lines/1201.jpg	- គុណនាមកម្មសិទ្ធ
lines/1198.jpg	2. គុណនាមាន ៦
lines/1202.jpg	- គុណនាមិនច្បាស់
lines/1189.jpg	- ចុះអូនឯងអក្សរសិល្ប៍ខេមរនិយម ជាការប្រដឹត តាមការណ៍ដែលគេធ្លាប់ឃើញ
lines/1421.jpg	លិល្បអនិងខាងសំណង។
lines/1422.jpg	5
lines/1404.jpg	ស្ងប់ស្ងែង (ន) កាសសើរ សសើរឬក៏ទេពកុសល ។
lines/1405.jpg	ពិស្ណុក (ន )គឺជាភ្នែកលាងលងប្រាសាទ។
lines/1407.jpg	1. រឿង“ភ្នំបាយ៉ង់កោរនៅខេត្តតាកែវ“ដកស្រង់ចេញពីសៀវភៅវរឿងព្រខ្មែរ
lines/1408.jpg	ភាគ០៥។បានជាមានឈ្មោះថា" ព្រះអង្គបាយ៉ង់កោរបានទៅ
lines/1411.jpg	2, នៅពេលដែលព្រេះបាទយ៉ងរត់ភៀសខ្លួនចេញពីស្តេចសៀម
lines/1409.jpg	នៅតីនោះហើយបានកោរព្រះកេសពេលបន់ស្រុនថ្វាយទេវតា។
lines/1414.jpg	- ភសូមកុំឱ្យពួកសៀមតាមទាន់
lines/1413.jpg	ទៅ
lines/1412.jpg	ព្រះបាទបាយ៉ុងកោអង្គបានបន់ស្រន់ទេវតា អារក្សទឹក ៣ យ៉ាងដូចត
lines/1402.jpg	ឧបាយកល(ន) ល្បិចកិច្ចលការងាដែលរៀបចំស្អឹតល្អងមត់ចត់
lines/1403.jpg	ព្រះសិរសា(ន) ក្បាល។
lines/1417.jpg	3, បានជានាងទិព្វសុតាចន្ទ ចុះមករស់នៅជាមួយតាលឹមសេងនៅ
lines/1420.jpg	4, ព្រះពិស្ណុកា បានរៀនវិជ្ជា ពីទេវតាឋានព្រះឥន្រ្ទ ការ
lines/1415.jpg	- សូមឪ្យជួបកន្លែងគាប់ចិត្ដ
lines/1401.jpg	I ពន្យល់ពាក្យ
lines/1406.jpg	II
lines/1416.jpg	- សូមឪ្យតែជួបសេកប្តជួបតែសេចក្តីសុខតាមផ្លូវ
lines/1418.jpg	ឋានមនុស្សព្រោះនាងទិព្វសុតាចន្ទបានបេះផ្កាតាលឹមសេង6ទងព្រះ
lines/1419.jpg	ឥន្រ្ទដឹងក៏ដាក់ទោសនាងឪ្យមកប្រើជាប្រពន្ធតាលឹមសេង6ឆ្នាំ។
lines/2226.jpg	របស់ខ្ញុំហើយខ្ញុំហើយខ្ញុំណិតជាស្រលាញ់គាត់ខ្លាំងណាស់។
lines/2223.jpg	ក្នុងនាមយើងជាសិស្សានុសិស្សគប្បីជាសប្បាយចិត្តណាស់ដែលបានឪពុកម្តាយចេះ
lines/2225.jpg	យើងឪ្យល្អខ្ញុំពិតសប្បាយចិត្តខ្លាំងណាស់ដែលមានគាត់ជាឪពុកម្តាយ
lines/2224.jpg	ស្រលាញ់មើលថែយើងបានល្អប្រសើរហើយចេះប្រៀនប្រដៅឪ្យ
lines/2222.jpg	ភាពដែលឃើញគេសរសើរកូនយើងអញ្ចឹង។
lines/2215.jpg	យើងសុទ្ធតែជាពាក្យដែលមានន័យខ្លាំងបំផុតគាត់ប្រដៅគាត់ប្រដៅល្អមិនឪ្យយើ
lines/2213.jpg	យើងបានប្រៀនប្រដៅយើងបានល្អណាស់ហើយតាំងពីតូចរហូតដល់
lines/2218.jpg	ស្តាប់ពាក្យពេជ្រគាត់ប្រដៅយើងហើយយើងស្តាប់គាត់គាត់ពិតជា
lines/2219.jpg	សប្បាយចិត្តខ្លាំងណាស់ពេលអញ្ចឹងគាត់ពិតជាស្រលាញ់ណាស់
lines/2212.jpg	សរុបសេចក្តីមកពាក្យទូន្មានខាងលើបានឪ្យយើងថាឪពុកម្តាយរបស់
lines/2217.jpg	ធំឡើងត្រូវធ្វើជាំក្មេងល្អទៀត។ពេលដែលគាត់ឃើញយើង
lines/2214.jpg	ធំមិនវពគាត់មើលដែយើងបានល្អខ្លាំងណាស់ពាក្យដែលគាត់ប្រដៅ
lines/2216.jpg	ងដើរផ្លូវនៅលើផ្លូវអាក្រក់នោះទែអញ្ចឹងហើយពេល
lines/2221.jpg	ជាក្មេងល្អចេះស្តាប់ចង្កប់ឪពុកម្តាយហើយឪពុលម្តាយយើងក៏មានមោទណះ
lines/2220.jpg	ពេលដែលយើងដើរទៅណាមកណាមានគេកោតសសើរយើងទៀតថាយើង
lines/359.jpg	ឧទារហំ៍នៅមក្នុងសង្គមកូនបច្ចប្បន្នកូនតែសម្លាប់ឪពុកម្តាយខ្លួនឯង
lines/360.jpg	ដើម្បីដណ្តើមទ្រព្យសម្បត្តិពីគ្នាពេលខ្លះទៀតឧពុកម្តាយនៅរ់សមិនសូវស្រលាញ់ពួកគាត់ទេ។
lines/343.jpg	សាចញាតនិងជាមួយមិត្តភក្តណាឡើយហើយនាំមកអោយគ្រួសារពាត់បង់សុភមង្គល
lines/340.jpg	IV សេចក្តីអធិប្បាយ
lines/341.jpg	នៅក្នុងសង្គមបច្ចប្បន្នមនុស្សចូលចឹត្តប្រព្រិត្តិអំពើហិង្សានៅក្នុងគ្រួសារ
lines/344.jpg	របស់ខ្លួននៅថ្ងៃអនាគត។ហេតុដូចនេះហើយទស្សនះមួយបានលើកឡើងថា
lines/342.jpg	មិនដែលយកអំពើអហិង្សាមិនហើយចុះសំរុងនៅក្នុងសង្គមឬជាមួយអ្នកជិតខាង
lines/348.jpg	ដើម្បីជាជនួយយើងត្រូវយល់ដឹងពាក្យពិបាកមួយចំនួនជាមុនសិនដូចជាពាក្យ
lines/345.jpg	”” អំពើហិង្សានាំអោយគ្រួសារបាត់បងបងសុភមង្គល“។
lines/347.jpg	មានន័យដូចម្តេចខ្លះ?
lines/346.jpg	តើទស្សនះមួយបានលើកឡើងថា” អំពើហិង្សានាំអោយគ្រួសារបាត់បងបងសុភមង្គល“
lines/351.jpg	ហើយគ្នានប្រាក់ចំណូលក្នុងរហូតឈនទៅដល់លក់ដីស្រែ។ឯពាក្យថា “ គ្រួសារបាត់បង់
lines/349.jpg	‘’អំពើហិង្សា “ មានន័យថាការគំគួន កាបចាក់គ្នា ហើយប្រព្រិត្តអំពើអាវាពាណ
lines/352.jpg	សុភមង្គ “មានណ័ួថាការបាត់បង់គ្រួសារនិងមនុស្សជាស្រលាញ់
lines/350.jpg	អាវាសែជាប់ពនធានាគរខាត់ពេលវេលាត្រូវសង្គមរើសអើមគ្មានការងាធ្វើ
lines/353.jpg	រហូតដល់កើតវិដិសេរីទើបស្តាយក្រោយនៅក្នុងខ្លួនមួយជីវិតចង់វិល
lines/354.jpg	ទៅរកអតីតកាលហើយហួសពេល។ឧទារហំ៍ ដូចជារឿងផ្កាស្រពោន
lines/358.jpg	បណ្តាំចុងក្រោយអោយប៊ុធឿនថែខ្លួននិងរកមនុស្សស្រីដែលល្អជាងខ្លួន។
lines/355.jpg	តួអង្គតាយនួនពេលនាងវិធាវីស្លាបបានបន្សលបណ្តៅអោយប៊ុនធឿនអម្ហ័យទោស
lines/356.jpg	អោយម្តាយខ្លួននិងមិនប្រកាន់កហុសឆ្គួងពីខ្លួននាងដែលមិនបានធ្វើតាមពាក្យ
lines/357.jpg	សួន្យាហើយមិនបានរស់នៅជាមួយគ្នាជាតួរជីវិតហើយបន្សល់ត្រិមតែពាក្យ
lines/1629.jpg	I ព្យល់ពាក្យ
lines/1630.jpg	ឧបាយកល( កិ)ល្បិច កល ល្បិច បោកប្រាស់.
lines/1631.jpg	ព្រះ សិលា.( ន)ក្បាល
lines/1632.jpg	ស្ងប់ ស្ងែង. ការត្រេកអរ. ការ ពេញចិត្ត.មាន មោទនភាព.
lines/1634.jpg	II សំណួរ .ចម្លើយ
lines/1633.jpg	ពិស្ណុការ( ន)ទែវតា ខាងជើង. ជា អ្នក សម្រេច កិច្ច ថ្វាយ.ព្រះឥន្ទ្រ.
lines/1635.jpg	3. បានជាទេពសុតាចន្ធចុះមករស់នៅជាមូយតាលឹមសេងនៅ ថានមនុស្ស លោក.
lines/1637.jpg	ឲនាងរស់នៅជាមួយតាលឹមសេងរយះពេល6ឆ្នាំ
lines/1636.jpg	ព្រោះនាងបានប៉ះផ្កាតាលឹមសេងចំនួន6ទងទើបស្ដេចនៅថានលើដាក់ទោស
lines/1638.jpg	4 ព្រះពស្ណុការ បានរៀនវិជ្ជាសិល្បះក៌និងសំណង់
lines/1639.jpg	1រឿងភ្នំបាយ៉ងកោរនៅខេត្តតាកែវដកស្រង់ចេញពីសៀវភៅរឿងព្រេង
lines/1640.jpg	ខ្មែរភាគទី5
lines/1641.jpg	2
lines/2085.jpg	2,ចំណុចដែលបញ្ជាក់ពីអត្តសញ្ញាណជាតិខ្មែរនៅក្នុងរឿង ទំនៀម
lines/2076.jpg	I ពន្យល់ពាក្យ (10ពិន្ទុ)
lines/2089.jpg	អ្នកនិពន្ធបានសរេសរឡើង។
lines/2078.jpg	គោក(ន) ការរីងស្ងួត ការគ្មាទឹក។ តោក
lines/2077.jpg	ក្រណាត់(ន)
lines/2079.jpg	បន្ទារ(ន)បន្ទាស់។
lines/2080.jpg	ទាសី(ន)អ្នកបម្រើស្រី។
lines/2081.jpg	អលង្ការ(ន)គ្រឿងលម្អោខ្ឡួនប្រាណ។ ដូចជា ចឹញ្ជៀន ក្រវិល
lines/2083.jpg	1,ចូលប្រាប់ពីរធី តែងនិពន្ធត្រង់ចំណុចការបញ្ចប់រឿងគឺពេលខ្លះតួរអង្គស្លាប់ពេល
lines/2082.jpg	ចម្លើយ (30ពិន្ទុ)
lines/2086.jpg	ចោះត្រចៀកកូនស្រីគឺសម្លៀកបំពាក់គ្រឿងអលង្ការ
lines/2087.jpg	និងវប្បធម៏។
lines/2091.jpg	III វេយ្យាករណ៏(35ពិន្ទុ)
lines/2090.jpg	-សង្គមបរិយាកាសជាដំណើររឿងអ្នកនិពន្ធបានលើកពីសម័យណាមួយ។
lines/2092.jpg	1,សព្វនាមបុរិសះគឺជាសព្វនាមដែលសម្តែងឈ្មោះមិនទូទៅ
lines/2088.jpg	3,កាលកំណត់តែងគឺជាការតាក់តែងរឿង តួរអង្គដែល
lines/2084.jpg	ខ្លះតូរង្គស្លាប់ពេលខ្លះតួរអង្គរស់។
lines/906.jpg	ប្បាយក្រៃលេង។ ដូចនេះហើយទើបមានពាក្យទស្សនៈមួយពោ
lines/909.jpg	ដើម្បីជាស្ពានឈានដល់ការបកស្រាយប្រធាន យើងត្រូវយល់
lines/902.jpg	សេចក្ដីអធិប្បាយ
lines/904.jpg	មនុស្សយើងម្នាក់ៗតែងតែចង់ឲ្យគ្រួសារមានភាពរីកចម្រើន
lines/903.jpg	សេចក្ដីអធិប្បាយ
lines/907.jpg	លថា «អំពើហិង្សានាំនិងសុភមង្គល»។
lines/905.jpg	និងមានភាពសប្បាយរីករាយ ហើយមានសុភមង្គល និងសុខស
lines/910.jpg	ពាក្យគន្លឹះជាមុនសិន។ ពាក្យ «អំពើហិង្សា» គឺជាអំពើវាយដំ មនុស្ស
lines/901.jpg	IV. ទស្សនៈមួយបានលើកឡើងថា៖ «អំពើហិង្សានាំឪ្យគ្រួសារបាត់បង់សុភមង្គល»។ ចូរបកស្រាយ និងលើកឧទាហរណ៍មកបញ្ជាក់។
lines/908.jpg	តើទស្សនៈខាងលើមានន័យដូចម្ដេច?
lines/911.jpg	និងជានឈ្លាយអ្នកដទៃ។ ពាក្យ «សុភមង្គល» គឺការមានសេចក្ដីសុខ
lines/912.jpg	សុវត្ថិភាព។
lines/913.jpg	ដូចនេះហើយប្រធានខាងលើមានន័យថា ការធ្វើអំពើហិង្សា
lines/914.jpg	ធ្វើឲ្យគ្រួសារគ្មានភាពរីកចម្រើន គ្មានសេចក្តីសុខ និងធ្វើឲ្យគ្រួសារ
lines/923.jpg	អំពើហិង្សា គឺយើងត្រូវតែមិនរប្រើគ្រឿងស្រវឹង ឬគ្រឿងញៀនប្រភេ
lines/915.jpg	គ្មានសុភមង្គល។
lines/917.jpg	គ្មានសុភមង្គល។ មនុស្សយើងម្នាក់ៗក៏តែងតែចង់បានគ្រួសារមួយដ៏
lines/916.jpg	ជាការពិតណាស់ បើគ្រួសារយើងប្រើអំពើហិង្សានឹងធ្វើឲ្យ
lines/919.jpg	ប្រើអំពើហិង្សាទៅវិញទៅមកហើយតែងតែចង់បានភាពរីកមានភាពរីកចម្រើន
lines/921.jpg	ប្រព្រឹត្តដោយសារគ្រឿងញៀនមិនមិនគិតរកប្រាក់ចំណូលទើប
lines/918.jpg	ល្អ ហើយតែងតែចង់បានភាពសុភមង្គលដែលមិនចេះឈ្លោះប្រកែកនិងគ្នានិង
lines/924.jpg	ទណាឡើយគឺយើងត្រូវខិតខំរកប្រាក់ចំណូលចឹញ្ចឹមគ្រួសារទើប
lines/920.jpg	វិន័យល្អនិងមានសេចក្ដីថ្លៃថ្នូរទៀតផង។ គ្រួសារនីមួយៗតែងតែ
lines/922.jpg	ធ្វើអោយកើតមាននូវអំពើហិង្សាហិង្សាតែ បើចង់អោយគ្រួសារគ្មាន
lines/1389.jpg	-ភូមិនេះមានដីជីវល្អណាស់។
lines/1392.jpg	២,ដែលហៅនាមសាធារណ៍ឬសាធារណនាគឺជានាមដែលសម្តែងឈ្មោះមិនទូទៅ
lines/1384.jpg	III
lines/1387.jpg	-សាលារៀននេះមានបរិស្ថានស្អាត់ណាស់។
lines/1396.jpg	- នារីបានទៅរៀនតនៅភ្នំពេញ
lines/1388.jpg	-សៀវភៅវនេះនិយាយទាក់ទងពីរឿងព្រេងនិទាន។
lines/1398.jpg	- លោកគ្រូជីវះបានបងករៀនមុខវិជ្ជាភូមិវិទ្យា។
lines/1385.jpg	1,ដែលហៅថានាមសាធារណ៍ឬសាធារណនាគឺជានាមដែលសម្តែងឈ្មោះ
lines/1386.jpg	ទូទៅមិនចំពោះ។តែងល្បះដោយប្រើអសោធារនាមឪ្យបាន5ល្បះ។
lines/1390.jpg	-ដើមឈើធំនេះម្លប់ត្រជាក់ណាស់។
lines/1394.jpg	-ពូណាងទៅភ្ជូស្រែជាមួយពូបូរា។
lines/1399.jpg	3,ដែលហៅថានាមករណ៏នាមឬករនាមគឺជានាមសម្រាប់សម្តែងអំពើសភាព
lines/1393.jpg	មិនចំណោះប្រកដច្បាស់។តែងល្បះដោយប្រើអសោធារនាមឪ្យបាន5ល្បះ។
lines/1395.jpg	-ផ្ទះរបស់សំមានទីផ្លាធំទូលាយណាស់
lines/1397.jpg	- បូរាបានទៅលេងទឹកជាមួយមិត្តភក្តិ។
lines/1400.jpg	លក្ខណះអ្វីមួយ។
lines/1391.jpg	-តុក ស្បែកជើងនេះមានពណ៏ស្អាតណាស់។
lines/1519.jpg	៣,បានជាទិព្វសុតាចន្ទចុះមករស់នៅជាមួយតាលឹមសេងនៅឋានមនុស្សលោក
lines/1520.jpg	ព្រោះព្រះនាងទិព្វសុតាចន្ទបានលួចបេះផ្កាតាលឹមសេងចំនួន៦ដងហើយព្រះ
lines/1521.jpg	ឥន្រ្ទដឹងក៏ដាក់ទោសឪ្យព្រះនាងទិព្វសុតាចន្ទចុះមករស់នៅឋានមនុស្សជាមួយតា
lines/1522.jpg	សឹមសេងចំនួន៦ឆ្នាំ។
lines/1508.jpg	បានជាមានឈ្មោះថា "ព្រះអង្គបាយ៉ង់កោរ"ព្រោះនៅពេលព្រះអង្គគេចពីពួកសៀមព្រះ
lines/1501.jpg	I ពន្យល់ពាក្យ
lines/1509.jpg	អង្គរបានសុំបំណងប្រាថ្នាពីលួពីរអារក្សានោកបានសន្យាថាបើបំណងប្រាថ្នា
lines/1502.jpg	ឧបាយកល(ន)ការប្រើល្បិចដាក់នរណាម្នាក់ឬន្រើការប្រើមាយាដាក់នរណាម្នាកើ។
lines/1507.jpg	១,រឿង “ភ្នំបាយ៉ង់កោរនៅខេត្តតាកែវ“ដកស្រង់ចេញពីសៀវភៅវរឿងព្រេងខ្មែរភាគ៥។
lines/1503.jpg	ហះនិរសា(ន)ក្បាល់។
lines/1504.jpg	ស្ងបស្ងែង(ន)ករធ្វើឪ្យសសើរ ធ្វើឪ្យគេគោរពស្ងប់ស្ងែង
lines/1505.jpg	ពិស្ណុការ(ន)គឺជាឈ្មោះរបស់កូនព្រះនាងទិព្វសុតាចន្ទ
lines/1506.jpg	II ចំម្លើយ
lines/1510.jpg	របស់ខ្លួនបានដូចបំណងព្រះអង្គបានសន្យាថានិងឪ្យព្រះកេសារកោរសក់ដើម្បី
lines/1513.jpg	ស្រន់ទេវតាអារក្សាទឹកថា
lines/1511.jpg	បំណន់ហេតុដូច្នេះហើយមានឈ្មោះថាភ្នំបាយ៉ង់កោរមកដល់សព្វថ្ងៃ
lines/1517.jpg	- សូមឪ្យធ្វើដំណើរដោយសេចក្តីសុខ
lines/1518.jpg	- សូមឪ្យស្តេចពួកយើងឆាប់រចកន្លែងល្អនៅបាន។
lines/1512.jpg	2,នៅពេលព្រះបានយ៉ង់កោររស់ភៀសខ្លួនចេញពីស្តេចសៀមព្រះអង្គបានបន់
lines/1516.jpg	- សូមឪ្យធ្វើដំណើរដោយសេចក្តីសុខ
lines/1514.jpg	-សូមឪ្យគេចផុតពីពួកសៀម
lines/1523.jpg	4,ព្រះពិស្ណុការបារវេនវិជ្ជាសិល្បះនិងសំណងពីទេវបុត្រឋានព្រះឥន្រ្ទ។
lines/1526.jpg	ពោះ។តែងល្បះដោយប្រើអសោធារនាមឪ្យបាន៥
lines/1525.jpg	១,ដែលហៅថានាមសាធារណ៍ឬសាធារណនាគឺជានាមដែលសដែងឈ្មោះទូទៅមិនចំ
lines/1527.jpg	1,កសិករទៅស្រែ។
lines/1524.jpg	III វេយ្យករណ៏
lines/1860.jpg	-ថ្ងៃនេះខ្ញុំបានឃើញឈ្មួញទៅជួញដូរ។
lines/1849.jpg	ល្បះ
lines/1848.jpg	មិនទូទៅចំពោះប្រាក់ច្បាស់លាស់។
lines/1853.jpg	- នៅមុនផ្ទះខ្ញុំមានដើមស្វាយ3ដើម។
lines/1839.jpg	III
lines/1841.jpg	ល្បះ
lines/1852.jpg	-ពូសំនាំកូនទៅរៀន។
lines/1843.jpg	-កសិករកុំពុងនាំគ្នានៅស្រែ។
lines/1846.jpg	- ដើមដូងនេះមានផ្លែច្រើនណាស់។
lines/1854.jpg	-ឆ្កែខ្ញុំឈ្មោះផ្នោត
lines/1855.jpg	3,ដែលហៅថានាមសាធារណឬសាធារណនាមគឺនាមសម្តែងសភាពឬលក្ខណះអ្វីមួយ
lines/1856.jpg	-មនុស្សសាងបុណ្យកុសល់រំមែញចង់បានសេចក្តីសុខ។
lines/1859.jpg	-អ្នកក្រុងតែងតែមានភាពថ្លៃថ្លូរ។
lines/1857.jpg	-ថ្ងៃនេះមេឃឡើងកម្តៅខុសធម្មតា។
lines/1858.jpg	-មនុស្សធ្វើខុសនេះទទួលកំហុសបានល្អ។
lines/1840.jpg	1.ដែលហៅថានាមសាធារណឬសាធារណនាមគឺនាមសម្តែងឈ្មោះទូទៅមិនចំពោះ។
lines/1844.jpg	-ឆ្កែនេះស្អាត់ណាស់។
lines/1847.jpg	2,ដែលហៅថានាមសាធារណឬសាធារណនាមគឺនាមសម្តែងឈ្មោះ
lines/1842.jpg	-ថ្ងៃនេះនៅក្នុងវត្ថមានមនុស្សច្រើនខុសធម្មតជាតិ។
lines/1851.jpg	-រមណីដ្ឋានសំភ្នំសំពៅស្ថិតនៅខេត្តបាត់ដំបង។
lines/1850.jpg	-2ឆ្នាំមុនខ្ញុំបានទៅលេងប្រាសាទអង្គគរវត្ត។
lines/1845.jpg	-ដើដូងនេះមានផ្លែធំណាស់។
lines/2653.jpg	ប្រធាប ទូន្មានមួយឃ្លាពោលថា "កូនកាចបំពេញទុកម្តាយឪពុកព្រួយ
lines/2654.jpg	បារម្ភ កូនស្លូតចេះគួរសមមេបាថ្កុំថ្កើនកេរ្តិ៏ឈ្មោះ "។ចូលពន្យល់ពាក្យ
lines/2657.jpg	មនុស្សយើងម្នាក់ៗតែងតែមានគំនិតផ្សេងៗគ្នា គំនិតខ្លះក៏
lines/2658.jpg	ល្អសុខគំនិតខ្លះទៀតក៏មិនល្អតែនៅតែប្រព្រឹត្តិព្រោះវាជាការគិតរ
lines/2655.jpg	ដោយលើឧទាហរណ៍មកក្បោះក្បាយ។
lines/2652.jpg	តែងសេចក្ដី
lines/2656.jpg	សេចក្តីអធិប្បាយ
lines/2663.jpg	ដើម្បីជាស្ពានឈាមការបកស្រាយប្រធានយើងត្រូវយល់ពា
lines/2659.jpg	របស់យើងរាងៗខ្លួន។ហេតុដូចនេះហើយទើបមានពាក្យទូន្មាន
lines/2660.jpg	មួយឃ្លាពោលថា "កូនកាចបំពេញទុកម្តាយឪពុកព្រួយបារម្ភ កូនស្លូត
lines/2664.jpg	ក្យ 1 ចំនួន សិន.ពាក្យ ព្រួយ បារម្ភ.មានន័យ ថា.គឺ ជា ការមិនក្រ
lines/2666.jpg	សរបស់ខ្លួន។
lines/2667.jpg	ដូចនេះហើយទើបមានពាក្យមានមួយពោលថា" ម
lines/2665.jpg	រី ឯ ពាក្យកេរ្តិ៍ ឈ្មោះមានន័យថាការធ្វើអ្វីមួយឪ្យអោបឪនកត្តិយ
lines/2669.jpg	ជាការពិតណាស់កូនប្រុសកូនស្រីតែងតែធ្លាប់ប្រព្រឹត្តអំ
lines/2661.jpg	ចេះគួរសមមេបាថ្កុំថ្កើនកេរ្តិ៏ឈ្មោះ "។
lines/2662.jpg	តើពាក្យទូន្មានមានខាងលើមានន័យដូចម្ដេច?
lines/2668.jpg	នុស្សដែលមានកេរ្តិ៏ឈ្មោះមិនល្អធ្វើឪ្យឪពុកម្តាយព្រួយបារម្ភ"។
lines/2670.jpg	ពើល្អនិងអំពើអាក្រក់ដែលតែបើយើងប្រព្រឹត្តអំពើអាក្រក់គឺត្រូវតែចេះ
lines/2671.jpg	កែប្រែ។ម្យ៉ាងទៀតមនុស្សរូបតែងតែមានកូនស្រីប្រុសស្រីល្អឬអា
lines/2674.jpg	ប្រព្រឹត្តអំពើខុសច្បាប់និងអំពើឱ្យគាត់ពិបាកចិត្តថែមទៀតគឺ
lines/2673.jpg	ការងារខុសត្រូវតែងតែធ្វើឲ្យឪពុកម្ដាយពិបាកទៀតតែងតែមិនចូលរៀន
lines/2675.jpg	ដើកាប់ចាក់ឆក់ប្លន់ មិនគិតខិតខំរៀនសូត្រតែងតែកិចសាលាប្រើប្រាស់គ្រឿង
lines/2672.jpg	ក្រក់កូនអាចខ្លះមិនជួយការងារឬខិតខំរៀនហើយតែងតែមិនជួយ
lines/2676.jpg	ញៀនបំផ្លាញគ្រួសារផងនិងព្រមទាំងធ្វើឲ្យគេស្អប់ខ្ពើម
lines/2536.jpg	ដោយកាងប្រពន្ធកុងបានល្បកមានសាហាយមួយសេដ្ឋីម្នាក់ឈ្មោះកុដម្ទីរដោយនាម ព្រពន្ធដើម
lines/2538.jpg	ថាប្តីក៏បនាត្រូវដាក់មានប្រហាងលោក់ក៏យកសៀសមាសនៅអោយគេធ្វើជា គ្រឿងលំអបុិត
lines/2539.jpg	បានត្រជាក់ប្រពន្ធដើមក៏បានឃើញត្រជាក់ប្រពន្ធចិង ហើយប្រពន្ធក៏ធ្វើសាកដែរ។
lines/2537.jpg	បានដឹងរឿងវាវនេះក៏នាងប្រពន្ធដើមយកដែកគោលចោះស្លឹកគ្រូផាត់ពេលនេះ
lines/2531.jpg	បន្ទារ (ន) ឬស្ស
lines/2526.jpg	I .ពន្យល់ពាក្យ
lines/2532.jpg	II ចម្លើយ
lines/2535.jpg	2,ចំណុចណាបញ្ជាក់ពីអត្តសញ្ញាណជាតិខ្មែរនៅក្នុងរឿង ទំនៀមចោះត្រចៀកកូនស្រី
lines/2528.jpg	អលង្ការ (ន) គ្រឿងលំអខ្លួន
lines/2529.jpg	គោក (ន) ការខឹងសំរា ខ្ជាល់ (ន)
lines/2534.jpg	ស្លាប់ និង មនោសញ្ជាតនាដោតសេចក្តីអស់សង្ឃឹម។
lines/2530.jpg	ប្រណក (ន)
lines/2533.jpg	1, វិធីតែងនិពន្ធត្រង់ចំណុចការបញ្ជាប់រឿងជួនកាលអ្នកនិពន្ធបញ្ជាប់ដោយឪ្យតួអង្គ
lines/2527.jpg	ទាសី (ន) អ្នកបំរើស្រី អ្នកប្រស្រី
lines/741.jpg	អភិវឌ្ឍលឿនលឿន។
lines/742.jpg	សរុបមកអត្ថបទខាងលើនេះចង់ឪ្យយើងរស់នៅចុះសម្រុងគ្នាមិន
lines/743.jpg	ឪ្យមានអំពើហិង្សានៅក្នុងគ្រួសារយើងឡើយ។
lines/734.jpg	យើងដឹងហើយថាអំពើហិង្សានាំអោយគ្រួសារស់នៅមិនចុះសម្រុងគ្នាតែនៅ
lines/739.jpg	នេះមានច្រើនតែគ្រប់គ្រួសារទាំងអស់ហើយបើយើងលុបបំបាត់អំពើ
lines/737.jpg	មានអំពើហិង្សាដោយសារពួកគាត់មិនចេះយកយល់អោយគ្ទៅវិញទៅមក
lines/733.jpg	សុភមង្គល»។ ចាប់ពន្យល់ និងលើកឧទាហរណ៍បញ្ជាក់?
lines/735.jpg	នៅសង្គមយើបច្ចប្បន្នចេះអំពើហិង្សានៅតែមិនហើយមនុស្សយើម្នាក់ៗ
lines/736.jpg	ហើយយើងមាននៅសង្គមយើងបច្ចប្បន្ននេះនៅតែគ្រួសារមួយចំនួននៅតែ
lines/738.jpg	អត្ថបទខាងលើនេះចង់មានន័យ អំពើហិង្សៅក្នងសង្គមយើងសព្វថ្ងៃ
lines/732.jpg	VI. ទស្សនៈមួយបានលើកឡើងថា «អំពើល្អនាំឪ្យគ្រួសារ បាត់បង់
lines/740.jpg	ហិង្សាសង្គមនិងប្រទេសជាតិ រីកចម្រើន ហើយសង្គមយើងនិងមានការ
lines/1952.jpg	ចំពោះ។
lines/1970.jpg	-ប្អូនខ្ញុំកំពុងលេង។
lines/1950.jpg	III វេយ្យករណ៏
lines/1951.jpg	1.ដែលហៅថានាមសាធារណឬសាធារណនាមគឺនាមសម្តែងឈ្មោះទូទៅមិន
lines/1963.jpg	-នៅប្រទេសកម្ពុជាមានប្រសាទជាច្រើន។
lines/1961.jpg	-ពូសត់មានកូនពីរ។
lines/1964.jpg	-នៅខេត្តបាត់ដំបងសម្បូររបស់ញុំាណាស់។
lines/1975.jpg	-ឪពុកខ្ញុំគាត់ជាអ្នកបបាញ់។
lines/1972.jpg	គាត់អ្នកយាម -គាត់គឺជាអ្នកយាមនៅផ្ទះខ្ញុំ។
lines/1953.jpg	-កសិករកម្តងកំពុងភ្ជរស្រែ។
lines/1954.jpg	-ប្រាសាទនេះសម្បូរទេសចរណ៏។
lines/1957.jpg	-សៀវភៅនេះមិនមានអ្វីអោយក្មេងមើកទេ។
lines/1960.jpg	-ពូសុខទៅស្រែ។
lines/1962.jpg	-សាលារៀនភ្នំសំហ៊ុសែនភ្នំសំពៅសម្បូរគ្រូដែលពូកែបង្រៀនសិស្ស។
lines/1965.jpg	៣,ដែល ហៅថានាមករណ៍ឬករណនាគឺជានាមដែលសម្រាប់សម្តែង។
lines/1968.jpg	-ឪពុកខ្ញុំកំពុងកាប់ដី។
lines/1966.jpg	-ខ្ញុំកំពុងតែដេក
lines/1955.jpg	-សាលារៀននេះសម្បូរសិស្សពូកែណាស់។
lines/1958.jpg	2,ដែលហៅថានាមសាធារណឬសាធារណនាមគឺនាមសម្តែងឈ្មោះមិន
lines/1974.jpg	ឆ្មាំង -គាត់គឺឆ្មាំងកាំភ្លើង
lines/1976.jpg	-ម្តាយខ្ញុំគាត់ជាគ្រូ។
lines/1956.jpg	-ស្រែនេះមិនមានមនុស្សធ្វើទេ។
lines/1971.jpg	4,ដែលហៅថានាមការណ៍ឬនាមការណ៍គឺសម្រាប់សម្តែងម្នាក់ធ្វើអំពើ។
lines/1959.jpg	ទូទៅ។
lines/1967.jpg	-ម្តាយខ្ញុំទៅផ្សារ
lines/1973.jpg	អ្នកលេង - គាតគឺអ្នកលេងល្បែង។
lines/1969.jpg	-គាត់កំពុងហូបបាយ។
lines/525.jpg	សង្គមយើងត្រូវចេះនិយាយពាក្យល្អៗចេះចែករំលេក
lines/526.jpg	ចេះដឹងគុណមនុស្សដែលមានសីសធម៏ល្អទើប
lines/527.jpg	ទទួលបានសុភមង្គលក្នុងជីវិតនិងគ្រួសារ។
lines/505.jpg	ចំណែកឯពាក្យថាសុភមង្គលគឺថាគីជាការមានសេចក្តីសុខក្នុង
lines/508.jpg	ម្នាក់ទៀតជាប់ចំណង់។
lines/507.jpg	ជាសុភមង្គលអង្គមួយដែលមិនអាចកាត់ថ្លៃបានរវាងមនុស្សម្នាក់ទៅមនុស្ស
lines/506.jpg	គ្រួសារ សង្គម ទាំងកន្លែងធ្វើកានិងសេចក្តីសុខផ្លូវចិត្ត
lines/509.jpg	ពាក្យថាគ្រួសាគឺថាមានម្តាយឪពុកនិងកូនៗ
lines/518.jpg	ដើម្បីបញ្ចប់អំពើហិង្សារយើងត្រូវចេះគោពរគ្នាទៅវិញទៅ
lines/511.jpg	មាន័យថាគ្រួសារមួទដែលមានសមាជិកគ្រួសារតិចឬច្រើន។
lines/514.jpg	អោយមានវិបាតគ្រួសាសេចកិ្តគ្រួសារ។ហើយវាអាចបណ្តាល
lines/512.jpg	អំពើហិង្សានាំអោយគ្រួសារបែកបាក់ សុភមង្គលមាមន័យ
lines/513.jpg	ថាគឺជាការព្រិត្រិ្តអំពើហិង្សាទើលើឪពុកម្តាយកូនចៅទើបបណ្ដោល
lines/515.jpg	មកកើតភាពភៀបល្អៀងរៀងកូនប្រុសនិងស្រីអំពើភិតក្បត់រវា
lines/516.jpg	ងប្តីនិងប្រពន្ធដែលអាចបង្កជាជម្លោះក្នុងគ្រួសាហើយវា
lines/517.jpg	អាចឈានទៅដល់កាបែកបាក់គ្រួសារ។
lines/523.jpg	សរុបមកអំពើហិង្សានៅក្នុងគ្រួសាគឺផ្តើមចេញពីយើង
lines/519.jpg	ទៅវិញមករវាងនិងប្តីប្រពន្ធនិងកូនៗផ្តលតម្លៃអោយកូនៗស្មើរៗគ្នា
lines/520.jpg	មិនលម្អៀងមិនប្រើប្រាស់អំពើហិង្សាផ្លូវចិត្តផ្លូវកាយទើប
lines/521.jpg	គ្រួសារមានសុភមង្គលមិនលម្អៀងទៅខាងណាម្នាក់ឡើ
lines/522.jpg	យ។
lines/524.jpg	គ្រប់គ្នានៅជុំវិញយើងដើម្បីអោយមានសុភមង្គល
lines/239.jpg	-គុណនាមប្រក្រតី-ធីតាជិះកង់ទៅមុខសាលា
lines/224.jpg	-គុណនាមចំននួគុណនាមសំំណួរ
lines/238.jpg	-គុណនាមចំនួន-នៅក្នុងបន្ទប់ខ្ញុំមានតុពីរ។
lines/225.jpg	-គុណនាមប្រក្រតី
lines/230.jpg	-គុណនាមប្រក្រតីគឹគុណនាមសម្រាប់សំម្គាល់ឪ្យ មនុស្ស សត្វទីកន្លែង។
lines/227.jpg	-គុណនាមកម្មសិទ្ធិ
lines/233.jpg	-គុណនាមកំណត់គឺជាគុណមានសម្រាប់ការបង្ហាញសភាព ចម្ងាយ ច្បាស់ មិនច្បាស់ជិតឆ្ងាយ។
lines/231.jpg	-គុណនាមកម្មសិទ្ធគឺសម្គាល់ឪ្យរបស់ដែលជាកម្មសិទ្ធ។
lines/226.jpg	-គុណនាមចំនួនកំណត់។
lines/218.jpg	រឿរឿងទី
lines/240.jpg	-គុណនាមកំណត់-ពូសំមានស្រែនៅឆ្ងាយពីរផ្ទះ។
lines/219.jpg	៥,ភាសាខ្មែរមានកាអភិវឌ្ឃន៏ធំៗ3លើក
lines/228.jpg	-គុណនាមចំនួន
lines/232.jpg	-គុណនាមសំណួរគឺជាគុណនាមសម្រាប់ចោទសួរ។
lines/220.jpg	-បុរេប្រវត្ថិបុរាណ
lines/229.jpg	២,និយមន័យគុណនាម
lines/217.jpg	៤,រឿងសិរីចរស្ថិតនៅក្នុងចលនាអក្សរសិស្ស
lines/223.jpg	១,គុណនាមគឺជាពាក្យសម្រាប់បញ្ជាក់ឪ្យនាម។មាន6មានដូចជា
lines/221.jpg	-កណ្តាល -បច្ចប្បន្ន។
lines/222.jpg	III
lines/234.jpg	-គុណនាមសំំណួរគឺជាគុណមានសម្រាប់រាប់ចំនួន។
lines/235.jpg	3,តែងល្បះតាមប្រភេទនីមួយៗ
lines/236.jpg	+គុណនាមកម្មសិទ្ធិ- ស្រែនោះជារបស់ពូសំ។
lines/237.jpg	-គុណនាមសំំណួរ-តើប៊ិចនេះជារបស់អ្នកណា?
lines/777.jpg	មង្គល“។ចូរពន្យល់និងលើកឧទាហរណ៍ពញ្ជាក់។
lines/776.jpg	IV ទស្សនះមួយលើកឡើងថាអំពើហិង្សានាំអោយគ្រួសារបាត់បងបងសុភ
lines/790.jpg	គ្រួសារជាខ្លាំងហើយក៏ធ្វើប្រទេសអាប់អោនគ្នាសេចក្តីសុខឡើយ។
lines/778.jpg	សេចក្តីអធិប្បាយ
lines/791.jpg	ជាការពីតណាស់ហិង្សាជាអំពើមិនល្អមកដល់គ្រួសារនិងសង្គលទេនាំឪ្យ
lines/792.jpg	ខូចកេរ្តិ៏ឈ្នោះមកដល់ប្រទេសជាតិនិងបាត់បែកគ្រួសាររបស់ខ្លួន។
lines/793.jpg	សរុបសេចក្តីមកមនុស្សគ្រប់ត្រូវតែមិនប្រើអំពើហិង្សាទេនិង
lines/780.jpg	នៅក្នុងគ្រួសារមនុស្សម្នាក់ៗសុទ្ធមិនចង់ឪ្យមានអំពើពើហិង្សា
lines/794.jpg	នាំឪ្យសង្គមនិងគ្រួសារសប្បាយរីករាយ។
lines/781.jpg	តើតឡើង។ដូចច្នោះបានចាស់ៗបន្សល់នៅទស្សនះមួយលើកឡើងថា
lines/782.jpg	អំពើហិង្សានាំអោយគ្រួសារបាត់បងបងសុភមង្គល“។
lines/783.jpg	តើទស្សនះខាងសើរមានអត្ថន័យដូចម្តេច?
lines/796.jpg	ក្នុងសង្គម។ដូចនេះក្នុងនាមយើងជាសិស្សានុសិស្សាខ្ញុំក៏ត្រូវទស្សនះខាងលើ
lines/795.jpg	ទស្សនះខាងលើនេះនិងនាំយើងទៅរកភាពគ្មាអំពើហិង្សានៅ
lines/784.jpg	ដូចនេះទស្សនះខាងលើដូចជារឿនបំភ្លើផ្លូវយើង។មុននិងយើង
lines/786.jpg	គឺជាការបញ្ចាញកម្លាំងបាយនៅពេលទោះសម្តីគ្នា។រីឯពាក្យសុភមង្គល
lines/785.jpg	បកស្រាមប្រធាយើងត្រូវសិក្សាពាក្យគន្លិះជាមុនសិន។ពាក្យហិង្សា
lines/787.jpg	គឺជាសេចក្តីសុខភាពសប្បាយរីករាយ។
lines/788.jpg	ដូចច្នោះសង្គមយើងបើគ្នាគ្មានអំពើហិង្សាធ្វើឪ្យសង្គមយើងអភិវឌ្ឍ
lines/789.jpg	មុខបន្តិចម្តងៗបើក្នុងសង្គមមានអំពើហិង្សាប៉ះពាល់ទៅទៅដល់សង្គមនិង
lines/2879.jpg	មិនចូលរៀនដើម្បីក្រេបយកចំណេះដឹងទាន់ខ្លួននៅក្មេង។
lines/2882.jpg	សរុបសេចក្តីមកពាក្យទូន្មានខាងលើបានឪ្យយើងយល់
lines/2880.jpg	ទីបំផុតបានក្រីមកែស្តាយក្រោយនៅរឿងដែលបានធ្វើ
lines/2881.jpg	រួចហើយនិងមានវិបដិសារីពេញមួយ ជីវិតរបស់ពួកគេ។
lines/2883.jpg	ឃើញថាបើតើងចេះស្តាប់ការប្រៀនប្រដៅឪពុកម្តាយ
lines/2884.jpg	ធ្វើជាមនុស្សល្អ ចេះគោរពឪ្យតម្លៃអ្នកដទៃ ហើយនិងធ្វើ
lines/2888.jpg	ជាស្តាយក្រោយនូវទង្វើដែលបានធ្វើហួសហើយ។
lines/2890.jpg	ប្រធានខាងលើនេះមានន័យអប់រំយើងខ្លាំងណាស់
lines/2885.jpg	ឪ្យពួកគេពិបាកចិត្តចុងចញ្ចប់យើងនិងទទួលបានផ្លែផ្កា
lines/2887.jpg	ស្តាប់ការប្រដៅរបស់ឪពុកម្តាយធ្វើ ឪ្យគាត់ពិបាកចិត្តប្រាកដ
lines/2886.jpg	ដែលក្អមកវិញ។ប៉ុម្តែបើយើងជាមនុស្សមិនល្អមិនដែល
lines/2893.jpg	ខ្ញុំគិតថាប្រធានខាងលើមានអត្ថនយល្អ ពួកយើងគួរ
lines/2892.jpg	ពិបាកចិត្តទេ។
lines/2891.jpg	ដែលគេចង់ឪ្យយើងធ្វើជាមនុស្សល្អ មិនត្រូវធ្វើឪ្យឪពុកម្តាយ
lines/2889.jpg	ប្របុព្វបុ
lines/2894.jpg	តែរៀននិងធ្វើតាម។
lines/2107.jpg	លើកឧទាហរណ៏មកបញ្ជាក់ឪ្យបាន5ល្បះក្បោះក្បាយ?
lines/2103.jpg	ភាពរីកចម្រើនថ្កុំថ្កើងកេរ្តិ៏ឈ្មោះគ្រសារ។ហេតុនេះហើយ
lines/2114.jpg	យពីអ្វីៗដែលយើងធ្វើ។
lines/2117.jpg	មិនស្តាប់ចាស់ទុំមិនស្តាប់ដំបូន្មានមានឪពុកម្តាយដើរផ្លូវខុសកេរ្តិ៏
lines/2096.jpg	ម្តាយព្រួយបារម្ភ កូនស្លូតចេះតួរសម មែមាផ្តុំថ្កើងកេរ្តីឈ្មោះ“។
lines/2108.jpg	មុននិងឈានដល់ការបកស្រាយប្រធានឪ្យកានើតែមាន
lines/2105.jpg	ម្តាយព្រួយបារម្ភកូនស្លូតចេះគួរសមមេបាថ្កុំថ្កើងកេរិ៏ឈ្មោះ “។
lines/2104.jpg	ទើបមានពាក្យទូន្មានមួយឃ្លាពោលថា :”កូនកាចបំពេញទុក្ខឪពុក
lines/2106.jpg	តើប្រធានខាងលើនេះមានអត្តន័យដូចម្តេច ចូលពន្យល់និង
lines/2116.jpg	កូនៗមួយចំនួនដែលមានចរិកឬមានកប្បកិរិយាមិនសមរម្យ
lines/2099.jpg	កាលណាបើយើងមានបុត្រាបុត្រីឬកូនយើងគប្បីត្រូវចិញ្ចឹ
lines/2094.jpg	(75ពិន្ទុ)IV តែងសេចក្តី
lines/2102.jpg	ខាងខុសពីកូនដឺលស្លូតបូតចេះគួរសមស្តាប់ឪពុកម្តាយនោះនិងនាំ
lines/2111.jpg	គឺការទន្ទឹងរោងចាំឬក្លាយបាត់បង់អ្វីមួយដេលធ្វើឪ្យយើងមិនស្រ
lines/2095.jpg	ប្រធាន ពាក្យទូន្មានមួយឃ្លាពោលថា ” កូនកាចបំពេញទុក្ខឪពុក
lines/2100.jpg	មបីបាច់មើលថែរក្សាប៉ុន្តែបើកូនយើងជាមនុស្សកាចក្រលើសបើស
lines/2115.jpg	ជាការពិតណាស់ពាក្យទូន្មានខាងលើនេះចង់សំដៅទៅលើ
lines/2110.jpg	ទុក្ខគឺការមិនសប្បាយចិត្តមានសេចក្តីសោកសៅ។ព្រួយបារម្ភ
lines/2097.jpg	ចូលពន្យល់ដោយលើកឧទាហរណ៏មកបញ្ជាក់ឪ្យបានក្បោះក្បាយ។
lines/2098.jpg	សេចក្តីអធិប្បាយ
lines/2112.jpg	ណុកចិត្ត។គួរសមមានសីលធម៏ចេះគោរពអានសំទោសចេះក្រែង
lines/2101.jpg	មិនស្តាប់មើលថែរក្សារប៉ុន្តែបើកូននោះនិងនាំទុក្ខដល់ឪពុកម្តាយជាពុំ
lines/2118.jpg	ឈ្មោះស្អុចរលួយធ្វើឪ្យឪពុលម្តាយពិបាក់ចិត្តព្រួយបារម្ភពីកូនមិន
lines/2113.jpg	ចិត្តអ្នកដទៃនៅជុំវិញខ្លួន។កេរ្តិ៏ឈ្មោះជាឈ្មោះដែលគេនាំគ្នានិយា
lines/2119.jpg	ចូលរៀន សូត្របំពុលសង្គមជាដើមុ។ឯកូនខ្លះទៀតខិតខំ
lines/2109.jpg	ន័យស៊ីជ្រៅយើងគប្បីយល់ពាក្យគន្លិះមួយចំនួនជាមុនសិន។
lines/1045.jpg	មនុមនុស្សដែលជាកត្តានាំអោយគ្រួសាររបស់គេបាត់បង់នូវ
lines/1046.jpg	សុភមង្គល គ្មានភាពរីចម្រើន គ្មានសេចក្តីសុខ។
lines/1050.jpg	ធ្វើអត្ថបទតគ្នាទៀតផង។ ម្យ៉ាងវិញទៀតការអាចធ្វើអោយពួកគេបែកបាក់
lines/1051.jpg	សាម្គីគ្នាបន្លែមទៀត។ទ្រន្ទឹមនិងនេះផងដែល គេអាចឈានដល់ការ
lines/1037.jpg	ទើបមានទស្សនៈមួយបានលើកឡើងថា៖ «អំពើហិង្សា នាំឱ្យគ្រួសារ
lines/1034.jpg	ប្រាថ្នាមិនចង់បាននូវអំពើហិង្សាឡើយ។ ប៉ុន្តែនៅក្នុងសង្គមយើងនេះ មនុ
lines/1035.jpg	ស្សម្នាក់ៗតែងតែមានចិត្តគំនិតផ្សេងៗគ្នា ដោយឡែកអ្នកខ្លះចិត្តទូំទូលាយ
lines/1036.jpg	ឯអ្នកផ្សេងទៀតមានចិត្តចង្អៀត ចឹត្តខ្មៅ។អាស្រ័យហេតុនេះហើយ
lines/1039.jpg	តើទស្សនៈខាងលើនេះ មានអត្ថន័យខ្លឹមសារយ៉ាងដូចម្តេច?
lines/1038.jpg	បាត់បង់សុភមង្គល»។
lines/1040.jpg	ដើម្បីងាយស្រួលក្នុងការបំភ្លឺទស្សនៈខាងលើនេះ ជាបឋមយើងត្រូវ
lines/1041.jpg	គប្បីយល់នៃន័យនៃពាក្យ «អំពើហិង្សា» និង «បាត់បង់សុភមង្គល» ជាមុនសិន។
lines/1052.jpg	លែងលះគ្នាក៏លេងគ្នាទកអោយកូនកំព្រាឪពុកម្ដាយថែមទៀត។ជាក់ស្តែងនៅក្នុង
lines/1053.jpg	សង្គមយើងបច្ចុប្បន្នសព្វថ្ងៃនេះ ក្រុមគ្រួសារខ្លះតែងតែមានអំពើហិង្សាគ្រួ
lines/1054.jpg	សារនោះក៏តែងតែមាននូវការបាត់បង់សុភមង្គលជារឿយៗ ។ហើយបើ
lines/1056.jpg	ត្រង់កន្លែងយាយអផាន់បានបំបែកបំបាក់កូនដែលជាហេតុ
lines/1057.jpg	បែកបាក់កូន។
lines/1055.jpg	ក្រលោកមកមើលរឿងទុំទាវវិញអ្នកនិព្ធបានឆ្លុះបញ្ចាំងពីស្ថានភាព
lines/1043.jpg	ពាក្យ «បាត់បង់សុភមង្គល» មានន័យថា៖ ការបាត់បង់ក្តីសុខ គ្មានភាពរីកចម្រើន។
lines/1044.jpg	ដូចនេះប្រធានខាងលើមានន័យថា ទំនាស់ឬជម្លោះដែលកើតឡើងរវាង
lines/1033.jpg	គ្រប់ជាតិសាសន៍ទាំងអស់នៅលើពិភពលោកយើងនេះ មនុស្សគ្រប់រូបតែងតែ
lines/1047.jpg	ជាការពិតណាស់អំពើហិង្សានាំអោយគ្រួសារនៅបាត់បង់សុភមង្គលពិតជា
lines/1049.jpg	ដល់ការវាយដាំគ្នាទៀតផង។ក្រៅពីនេះ ក៏អាចឈន
lines/1048.jpg	មាននៅក្នុងសង្គមយើងពិតប្រាកដមែន។ មិនតែប៉ុណ្ណោះពួកគេអាចឈាន
lines/2373.jpg	រម្ម "និងពាក្យ” កូនស្លូតចេះគួរសមបោមេបាថ្កុំថ្កើងកេរ្តិ៏ឈ្មោះ“ជាមុនសិន។
lines/2375.jpg	កាចមិនស្តាប់ទូន្មានប្រៀនប្រដៅរបស់ឪពុកម្តាយចូលចិត្តធ្វើឪ្យ
lines/2376.jpg	ឪពុកម្តាយមានការបារម្ភព្រួយ។រីឯពាក្យកូនស្លូតគួរសមរម
lines/2374.jpg	ពាក្យ“កូនកាចបំពេញទុក្ខម្តាយឪពុកម្តាយព្រួយបារម្ម “មានន័យថាជាកូនដែល
lines/2380.jpg	ព្រួយម្តាយឪពុកព្រួយបារម្ភនិងកូនដែលស្លូតចេះគួរសមមេបាថ្កុំថ្កើងកេរ្តិ៏
lines/2377.jpg	បាថ្កុំថ្កើងកេរ្តិ៏ឈ្មោះមានន័យថាជាកូនដើរតាមគន្លងផងធម៏កូនដែលស្ដាប់
lines/2378.jpg	កាលប្រៀនប្រដៅរបស់ឪពុកម្តាយជាកូនដែលធ្វើអោយ
lines/2381.jpg	ឈ្មោះចង់សំដៅទៅលើកូនដែលកាចកោងមិនស្គាល់ចាស់ក្មេងកូន
lines/2379.jpg	ឪពុកម្តាយមានមោទនភាព។ដូចពាក្យកូនកាចបំពេញទុក្ខ
lines/2383.jpg	ស្តាប់ដំបូន្មានដើរតាមគន្លងធម៏ចេះគួរសមដាកើចាស់ទុំ។
lines/2384.jpg	ជាកាពិតណាស់កូនកាចបំពេញទិក្ខម្តាយឪពុកព្រួយបារម្ភ
lines/2382.jpg	មិនស្តាប់ដំបួន្មានចេះកែខ្លួនទៅជាកូនដែលចេះ
lines/2388.jpg	ជួបតែសេចក្តីលំបាក់នៅពេលក្រាយ ហើយកូនដែលចេះស្តាប់
lines/2394.jpg	ទៀតកូនដែលកាចកោងមិនស្គាល់ចាស់ទុំអាចឈានដល់ការប្រ
lines/2386.jpg	ក្នុងសង្គមខ្មែរយើងពិតជាប្រាកដមែន។ជាក់ស្តែងយើងបាន
lines/2387.jpg	ឃើញថាកូនដែលមិនស្តាប់ការអប់រំពីម្តាយឪពុកគឺរមែង
lines/2397.jpg	ងមានការកោតសសើរឪណុកម្តាយថាចេះទូន្មានកូនបានយ៉ាងល្អ
lines/2389.jpg	ការអប់រំពីរឪពុកម្តាយតែងតែរមែងជួបសេចក្តីសុខនៅពេលអនាគ
lines/2391.jpg	ឧពុកព្រួយបារម្ភក៏ជួបវិបត្តអាតឈានដល់ការជាប់គុកផង
lines/2392.jpg	ក័ថាបានប៉ុន្តែចំពោះកូនដែលចេះគោរពសមនិងឪពុកម្តាយថ្ងៃ
lines/2395.jpg	មាទដល់ឪពុកម្តាយថែមទៀតផង។ក្រៅពីនេះបើក្រលេក
lines/2393.jpg	អនាគត់អាចមានអ្នកស្រលាញ់ចូលចិត្តច្រើន។ម្យ៉ាង
lines/2396.jpg	ទៅមើលកូនដែលកូនដែលចេះគួរសមមានចរិករាបសារគឺតែ
lines/2385.jpg	និងកូនស្លូតចេះគួរសមមេបាថ្កុំថ្កើងកេរ្តិឈ្មោះពិតជាមាននូវ
lines/2390.jpg	ត។មិនតែប៉ុណ្តោះកូនដែលមិនគោរពឪពុកម្តាយតែងឪ្យម្តាយ
lines/2371.jpg	មុនឈានដល់ការបកស្រាយអោយមានលក្ចណះក្បោះក្បាយជាបឋម
lines/2372.jpg	យើងត្រូវគប្បីយល់ពាក្យគន្កឹះ“កូនកាចបំពេញទុក្ខម្តាយឪពុកម្តាយព្រួយបា
lines/1816.jpg	I
lines/1818.jpg	ឧបាយកល(ន) ការងារ ដែលទាប់ល្បិចល្អិតម៉ត់ចត់។
lines/1819.jpg	- ព្រះសិសោ (ន) រស ក្បាល។
lines/1820.jpg	-ស្ងប់ស្ងែង (ន) សេចក្តី កោតសសើរ ការជឿជាក់ កោតក្រែង។
lines/1822.jpg	ឥន្រ្ទ។
lines/1825.jpg	ខ្មែរភាគ5។បានជាមានឈ្មោះថាភ្នំបាយ៉ងកោរព្រោះដោយសារនៅពេល
lines/1821.jpg	-ពិស្ណុការ(ន) អ្នកចេះខាងផ្នែកសាងសង់ដែលបង្រើនៅក្បែព្រះ
lines/1826.jpg	ព្រះបាយ៉ង់រត់ភៀសខ្លួនពីពួកសៀមព្រះអង្គបានបន់ស្រន់ដល អារក្សទឹក
lines/1823.jpg	II
lines/1824.jpg	1.រឿង ភ្នំបាយ៉ង់កោនៅខេត្តតាកែវ ដកស្រង់ចេញពី ប្រជុំរឿងព្រេង
lines/1827.jpg	បើបំណង់បានសម្រាចទ្រង់និងកោសត់លាបំណន់ទើបមានឈ្មោះថា
lines/1834.jpg	ឧ,បានជានាងទិព្វសុតាចន្ទ ចុះមករស់នៅជាមួយតាលឹមសេងនៅឋានមនុស្ស
lines/1830.jpg	បានបន់ស្រន់ទេវតាអរក្សទឹកប្រកាថា
lines/1835.jpg	សោកព្រោះដោយសានាងទិព្វសុតាចន្ទ បាននេះផ្ការបស់តាលឹមសេងចំនួន
lines/1829.jpg	2, នៅពេលដែលព្រះបាទបាយ៉ង់កោរត់ភៀសខ្លួនចេញពីស្តេចសៀមព្រះអង្គ
lines/1828.jpg	បាយ៉ងកោរ។
lines/1831.jpg	- សូមកុំៀ្យពួកសៀមតាមទាន់
lines/1832.jpg	- សូមឪ្យជូបកន្លែងជាទីគាប់ចិត្ត
lines/1833.jpg	- សូមមានដេចក្តីសុខតាមផ្លូវ
lines/1836.jpg	6ទងពេលព្រះឥន្រ្ទបានដកក៏បានជាក់ទោសនាងឪ្យមករស់នៅឋានមនុស្ស
lines/1837.jpg	លោកធ្វើជាប្រពពន្ធតាលឹមសេង6ឆ្មាំ។
lines/1838.jpg	4,ព្រះពិស្ណុការ បានរៀនវិជ្ជាពីបុត្រពីឋានព្រះឥន្រ្ទ រៀនឆ្លោក់ សំណង់ សិល្បះ។
lines/1984.jpg	បានជាហៅបានជាមានឈ្មោះ
lines/1988.jpg	- ឪ្យជួបរួចផុតពីពួកសៀមកុំឪ្យពួកសៀមតាមទាន់
lines/1989.jpg	- ឪ្យជួបទីកន្លែងជាទីគៀប់ចិត្ត។
lines/1978.jpg	ឧបាយកល(កិ) កល្បល្បិចកលកិច្ចកល ដែលមានគំនិតអាក្រក។
lines/1980.jpg	ស្ងប់ស្ងែង(កិ)ការត្រេកអរ មានមទនភាព ការពេញចិត្ត សប្បាយរីករាយ។
lines/1991.jpg	មនុស្សលោកព្រោះនាងទិព្វសុតាចន្ទបានលូចបេះផ្កាតាលឹមសេងចំនួន
lines/1992.jpg	ប្រាំមួយទងហើយត្រូវព្រះឥន្រ្ទក៏បានឪ្យដាក់ទោសនាងឪ្យមករស់នៅឋាន
lines/1993.jpg	កណ្តាលជាមួយតាលឹមសេង។ចំនួនប្រាំមួយឆ្នាំ។
lines/1997.jpg	ឈ្មោះទូទៅមិនចំពោះ។តែងល្បះឪ្យបាន5
lines/1998.jpg	- កសិករកុំពង់ស្ទូងស្រូវ។
lines/1990.jpg	3,បានជានាងទិព្វសុតាចន្ទ ចុះមករស់នៅជាមួយតារលឹមសេងនៅឋាន
lines/1996.jpg	1,ដែលហៅថានាមសាធារណ៏ឬសាធារណ៏នាមជាអានាមដែលមិនសម្តែង
lines/1977.jpg	ការពន្យក់ពាក្យ
lines/1994.jpg	៤,ព្រះពិស្ណុការបារវេនវិជ្ជាសិល្បះនិងសំណងពីទេវបុត្រឋានព្រះឥន្រ្ទ។
lines/1995.jpg	III ចម្លើយ
lines/1979.jpg	ព្រះសិរសា(ន) ក្បាល។
lines/1986.jpg	បានបន់ស្រន់ទេវតាមារក្សទឹកដូចខាងក្រោម៖
lines/1983.jpg	1,រឿង “ភ្នំបាយ៉ង់កោរនៅខេត្តតាកែវ“ដកស្រង់ចេញពីសៀវភៅវរឿងព្រេងខ្មែរភាគ៥។
lines/1981.jpg	ពិស្ណុការ(ន) ទេវតាខាងជើងជាអ្នកសម្រេច ចិត្តកិចទ្វេព្រះឥន្រ្ត។
lines/1982.jpg	II សំណួរ-ចម្លើយ
lines/1987.jpg	- ឪ្យជួបតែសេចក្តីសុខតាមផ្លូវ
lines/1985.jpg	២,នៅពេលដែលព្រះបាងបាយ៉ង់កោរបារតភៀសខ្លួនចេញពីសង្គមព្រះអង្គ
lines/2314.jpg	មាត់គ្រួសារឪ្យកាន់តែថ្កុំថ្កើង។
lines/2316.jpg	1,សព្វនាមបរិសះ ជាសព្វនាមដែលសម្តែងឈ្មោះមិនទូទៅ។
lines/2313.jpg	ធ្វើអ្វីមួយត្រូវចេះគិតដល់ពួកគាត់មិនត្រូវធ្វើតាមតែចិត្តខ្លួនឯងលើកមុខ
lines/2315.jpg	III វេយ្យាករណ៏
lines/2312.jpg	របស់គាត់ខ្ញុំត្រូវខិតខំរៀនសូត្រមិនបោកប្រាស់គ្រួសារនិងនាក់ដទៃមុននិង
lines/2317.jpg	2,តែងល្បះឪ្យបាន2ល្បះទៅតាមប្រភេទនីមួយៗ៖
lines/2311.jpg	ក្នុងនាមខ្ញុំជាកូនម្នាក់ខ្ញុំត្រូវសង់គុណពួកគាត់វិញអោយសមនិងតម្លៃជាកូន
lines/2318.jpg	មានពាក្យ គាត់ វា ឯង ហើយសព្វនាមបុរសិះមាន3គឺបុរសះ បុរសទី បុរសទី2 បុរសទី3។
lines/1905.jpg	២,នៅប្រាសាទអង្គវត្តសម្បូភ្ងៀវទេសចរណ៏មកថតរូប។
lines/1907.jpg	៤,ប្រទេសកម្ពុជាសម្បូប្រសាទបុរាណណាស់។
lines/1906.jpg	៣,ភ្នំសំពៅសម្បូរស្ថិតនៅខេត្តបាត់ដំបង។
lines/2124.jpg	កូនអាចបំពេញទុកឪពុកម្តាយព្រួយបារម្ភធ្វើឪ្យពួកគាត់ហត់នឿយ
lines/2137.jpg	ពីឪពុកម្តាយផងព្រោះពួកគាត់ខំរកលុយដើម្បីផ្គុតផ្គង់កូនៗ
lines/2141.jpg	កូនល្អដើម្បីជួយអភិវឌ្ឍន៏សង្គមនាពេលអនាគត់។
lines/2131.jpg	ព្យាយាមនៅជាកូនល្អទៅថ្ងៃមុខគង់មានអនាគត់ល្អសម្បូរទៅ
lines/2136.jpg	គ្រប់គ្នាឪ្យចេះគិតពិចារណាឪ្យបាននិតដល់មុនធ្វើអ្វីមួយត្រូវគិត
lines/2143.jpg	ឪ្យក្មេងៗរៀនសូត្រតាមយកគំរូល្អជៀសរៀងទង្វើមិនល្អនៅក្នុងសង្គមរស់នៅ។
lines/2135.jpg	សរុបសេចក្តីមកកាបកស្រាយខាងលើនេះចង់និយាយពីកូនៗ
lines/2127.jpg	មុចទៀតហើយមិនថែមទាំងនេះធ្វើបានគ្រួសារទេធ្វើឪ្យសង្គម
lines/2123.jpg	ប្រដៅអប់រំគ្រួសារមានកេរ្តិ៏ឈ្មោះកិតិ្តយសថ្កុំថ្កើង។ឧទាហរណ៏
lines/2128.jpg	បាត់បង់សណ្តាប់ធ្នាប់មានភាពរញេរញៃរបាត់វង់សន្តិសុខក្នុង
lines/2130.jpg	កូនដែលចេះគួរសមចេះគួសមស្គាល់ចាស់ទុំមានភាពប្រឹងប្រែង
lines/2129.jpg	សង្គម។កូនស្លូតចេះគួរសមមេបាថ្កុំថ្កើងកេរ្តិ៏ឈ្មោះពិតណាស់
lines/2125.jpg	ក្រៅពីការរកស៊ីចិញ្ចឺមកូនហើយនៅកិតខ្វាល់ខ្វាយពីកូន
lines/2138.jpg	ឪ្យរៀនសូត្រដើម្បីឪ្យកូនៗមានអនាគតល្អទៅថ្ងៃមុខ។
lines/2126.jpg	ធ្វើឪ្យពួកគាត់ពិបាក់ចិត្តនិងគ្មានកម្លាំងចិត្តដើរទៅ
lines/2132.jpg	ដោយញាតិមិត្តនាក់ស្រលាញ់ចូលចិត្តនិងសាចជួយសង្គមអោ
lines/2133.jpg	យមានការរីកចម្រើនទៅមុខថែមទៀតផងឪពុលម្តាយសប្បាយ
lines/2121.jpg	រីកពាស្លូតបូតចេះគួរសមទៅណាមកណាមានអ្នកស្រលាញ់រៀបអាន
lines/2120.jpg	ប្រឹងប្រែងសិក្សាដើម្បីគ្រួសារនិងអនាគត់ផ្ទាល់ខ្លួនមានចរឹក
lines/2122.jpg	ច្រើនមានវោន័យសណ្តាប់ធ្នាបើកូនបែបនេះជាកូនល្អមានមេបា
lines/2140.jpg	ពេលឥតប្រយោជន៍ច្រើនពេកត្រូវខិតខំព្យាយាមរៀនសូត្រធ្វើ
lines/2134.jpg	ចិត្តហើយធ្វើអោយគ្រួសារថ្កុំថ្កើងនិងមានកេរ្តិ៏ឈ្មោះល្អសាយភាយ។
lines/2139.jpg	ដូចច្នេះក្នុងនាមយើងជានេះចង់គប្បីកូនៗគ្រប់គ្នាកុំចំណាយ
lines/2142.jpg	ប្រធាននេះពិតជាមានការអប់រំយ៉ាងជ្រៅជ្រៅសម្រាប់
lines/1735.jpg	-ម្តាយក្រុមគ្រួសសារខ្ញុំទៅខេត្តប៉ៃលិន។
lines/1736.jpg	-បូណាទើបទិញកង់ថ្មី។
lines/1737.jpg	-ម្តាយស្រីអោយជូនកូនទៅរៀន។
lines/1738.jpg	៣,ដែលហៅថានាមករណ៍ឬករណនាគឺជានាមដែលសម្តែងសកម្មភាពលក្ខណះអ្វីមួយ។
lines/1739.jpg	-ខ្ញុំគឺកូនអ្នកចំម្ការ
lines/1740.jpg	-អ្នកចំម្ការធ្វើបាបអ្នកលក្រខ្សត់។
lines/1741.jpg	-ពូខ្ញុំគឺជាអ្នកយាមនៅខម្ការ។
lines/1746.jpg	-អ្នកស្រែខិតខំធ្វើការណាស់។
lines/1742.jpg	-អ្នកជិតខាងខ្ញុំគឺជាអ្នកប្រម៉ាញ់សត្វ។
lines/1751.jpg	1,រឿង“ភ្នំបាយ៉ង់កោរនៅខេត្តតាកែវ“ដកស្រង់ចេញពីសៀវភៅវរឿងព្រេងខ្មែរភាគ5។
lines/1743.jpg	-នៅរបស់សម្បូអ្នកក្លាហានណាស់។
lines/1747.jpg	-មិត្តភក្តិខ្ញុំជាអ្នកក្រុង។
lines/1744.jpg	4,ដែលហៅថានាមការណ៍ឬនាមការណ៍គឺសម្រាប់សម្តែងម្នាក់ធ្វើអំពើឬសកម្មភាព
lines/1749.jpg	-មានបុរសម្នាក់នេះជាអ្នកខ្មាំងកាំភ្លើង។
lines/1745.jpg	លក្ខណះបែបណាមួយ។
lines/1750.jpg	II , សំណួរចម្លើយ
lines/1748.jpg	-អ្នកមានខ្សែរលើអ្នកក្រ។
lines/1753.jpg	ពីសៀមព្រះអង្គបានដន់ស្រអរក្ស អ្នកតាថាបើបំណន់សម្រាចទ្រងនិង
lines/1754.jpg	កោរព្រះកេសាថ្វាយលាជំណន់ទើបជាជឈ្មោះជាភ្នំបាយ៉ង់កោរមកដល់សពកវដ្ងៃ
lines/1752.jpg	បានជាមានឈ្មោះថាព្រះអង្គបាយ៉ង់កោរពីព្រោះនៅពេលដែលព្រះអង្គរតភៀសខ្លួន
lines/1756.jpg	បានបន់ស្រទវតា អរក្សទឹក អារក្សគោកនិងអ្នកភ្នំដូចជាសូមកុំឪ្យពួក
lines/1755.jpg	2,នៅពេលដែលព្រះបាយ៉ង់កោររត់ភៀសខ្លួនចេញពីស្តេចសៀមព្រះអង្គ
lines/1757.jpg	សៀមតាមទាន់។សូមឪ្យជួបកន្លែងជាទីស្ងប់សុខ។
lines/1916.jpg	លូចបេះផ្កាតាលឹមសេង6ទងហើយត្រូវព្រះឥន្រ្ទក៏បានឪ្យដាក់ទោសនាងអោយ
lines/1915.jpg	3,បានជានាងទិព្វសុតាចន្ទចុះមករស់នៅជាមួយតារលឹមសេងនៅឋានមនុស្សលោកព្រោះនាងទិព្វសុតាចន្ទបាន
lines/1924.jpg	-ឪ្យជួបទីកន្លែងជាគៀបចិត្ត។
lines/1926.jpg	ទឹកមន្ត ចាក់លើដីឪ្យក្លាយជាថ្ម ។
lines/1922.jpg	-ឪ្យជួបតែសេចក្តីសុខក្នុងដំណើរផ្លូវការ
lines/1925.jpg	4,ព្រះពិស្ណុការបានរៀនវិជ្ជាសិល្បះ សំណង់ វិជ្ជាធ្លាក់រូប និងរបៀបដោយ
lines/1923.jpg	-ឪ្យរួចពីពួកសៀម កុំឪ្យពួកសៀមតាមទាន់។
lines/1929.jpg	2,ប្រសាទព្រះវិហារ ស្ថិតនៅខេត្តព្រះវិហារ។
lines/1921.jpg	មារក្សទឹក អក្សតោតថា៖
lines/1927.jpg	III វេយ្យករណ៏
lines/1928.jpg	2.ដែលហៅថានាមសាធារណគឺនាមមិនទូទៅមិនសម្រាប់។
lines/1911.jpg	ព្រះសិរសា(ន) ក្បាល។
lines/1910.jpg	ឧបាយកល(ន) ល្បិចកលិកោលបោកបញ្ជាត។
lines/1912.jpg	ស្ងប់ស្ងែង(ន)សេចក្តីពេញចិត្ត ត្រេចអរ។
lines/1913.jpg	ពិស្ណុក (ន )ទេវតាខាងជើងអ្នកសម្រេចកិច្ចថ្វាយព្រះឥន្រ្ទ។
lines/1909.jpg	ការពន្យក់ពាក្យ
lines/1914.jpg	II
lines/1919.jpg	ជាមានឈ្មោះថាព្រះអង្គបាយ៉ង់កោរពីព្រោះលោកបានថ្វាយអារក្សទឹក។
lines/1917.jpg	មករស់នៅជាតាលឹមសេង។ចំនួនប្រាំមួយឆ្នាំ។
lines/1918.jpg	1,រឿង“ភ្នំបាយ៉ង់កោរនៅខេត្តតាកែវ“ដកស្រង់ចេញពីសៀវភៅវរឿងព្រេងខ្មែរភាគ5។បាន
lines/1920.jpg	2,នៅពេលព្រះបាទបាយ៉ង់កោរត់ភៀសខ្លួនចេញពីស្តេចសៀមព្រះអង្គបានបន់ស្រន់ទេវតា
lines/2021.jpg	-យ៉ាណាកំពង់ដេក។
lines/2023.jpg	-យាយរក្សាជាអ្នកលេង។
lines/2020.jpg	-ពូសុខជាអ្នកបាញ់សត្វ។
lines/2015.jpg	-បងវីណកំពង់ហាត់ប្រាណ។
lines/1999.jpg	–ពូលសប្រាសាទអង្គវត្តជាសម្បិតវប្បធម៏។
lines/2000.jpg	-ប្រទេសកម្ពុជាសម្បូរទៅដោយកន្លែងទេសចរណ៏។
lines/2008.jpg	-ស្រែនេះជារបស់មីងលាង។
lines/2009.jpg	-ធីតាកំពង់ញុំាមីកោក។
lines/2011.jpg	ភាពអ្វីមួយ។
lines/2001.jpg	-ប្រាសាទនេះសម្បូរអ្នកទេសចរណ៏។
lines/2013.jpg	-មីងភាងកំពុង់បុកអំបុក។
lines/2004.jpg	ចំពោះប្រាក់ច្បាស់លាស់។
lines/2002.jpg	-ដីនេះគ្មានម្ចាស់ទេ។
lines/2019.jpg	-ពូសៅជាអ្នកយាមវត្ត។
lines/2006.jpg	-ធារីទៅផ្សារ
lines/2007.jpg	-មីងជីជូនកូនទៅរៀន។
lines/2022.jpg	-ស្រីល័ក្ខកំពង់រាំ។
lines/2003.jpg	2,ដែលហៅថានាមសាធារណឬសាធារណនាមគឺនាមសម្តែងឈ្មោះមិនទូទៅ
lines/2005.jpg	-ប្រាសាទអង្គវត្តជាសម្បិត្តិប្បធម៏។ពូសំទៅស្រែ។
lines/2012.jpg	-ខ្ញុំកំពុងជិះកង់។
lines/2018.jpg	ម្មភាពលក្ខណះអ្វីមួយ។
lines/2014.jpg	-យាយសាយជូនចៅទៅទិញនំ។
lines/2010.jpg	3,ដែល ហៅថានាមករណ៍ឬករណនាគឺជានាមដែលសម្រាប់សម្តែងសកម្ម
lines/2017.jpg	4,ដែលហៅថានាមការណ៍ឬនាមការណ៍គឺសម្រាប់សម្តែងម្នាក់ធ្វើអំពើឬសក
lines/2016.jpg	-ចែនីដើរទៅសាលា។
lines/681.jpg	មានអំពើហិង្សាកើតឡើងនោះទេជួយអភិវឌ្ឍ
lines/672.jpg	អំពើហិង្សាប្រាស់អំពើហិង្សាក្នុងគ្រួសារ។ការអោយ
lines/673.jpg	មនុស្សសោកស្តាយហួសពេលេវេលដែលធ្វើអោយខុសក្នុងគ្រួសារ។
lines/675.jpg	អភិវឌ្ឍសង្គមឈានទៅការរីកចម្រើនមិនប្រើប្រាស់
lines/674.jpg	ជាការពិតណាស់ចង់អោយមនុស្សល្អជួយ
lines/686.jpg	ប្រទេសជាតិយើងតាមដល់សិសធម៍
lines/677.jpg	បាត់ទាំងមូល។ជួយគ្រាប់បាត់អោយកូនគ្រប់រូប
lines/682.jpg	ប្រទេសជាអោយរីកចម្រើនបំបាត់ការប្រើប្រាស់
lines/684.jpg	តិសាសនាធ្វើអោយបាត់បង់កេរ្ត៏ឈ្មោះ
lines/683.jpg	អំពើហិង្សាព្រោះវាមិនល្អទេដល់គ្រួសារនិងសង្គមជា
lines/676.jpg	អំពើហិង្សាការជួយបាត់អំពើហិង្សាចេញពីប្រទេស
lines/685.jpg	ប្រទសដឺមានតែអំពើហិង្សាកើតឡើង
lines/689.jpg	ចង់អោយមានដល់សង្គមទាំងមូលនេះទេ។
lines/687.jpg	គុណធម៏ដែលគាត់ប្រព្រិត្តិអំពើមិនល្អនោះទេ
lines/691.jpg	ណាស់ដល់ប្រជាជនសិស្សនុសិស្ស អោយសិក្សា
lines/688.jpg	ការបំបាត់អំពើហិង្សាពិតជាល្អណាស់ព្រោះមិន
lines/690.jpg	ដូចនេះប្រធានខាងលើពិតជាមានប្រយោជន៏
lines/692.jpg	ស្វែងយល់អំពីការប្រើប្រាស់អំពើហិង្សាដល់
lines/678.jpg	ដើរទៅរកផ្លូវល្អគ្រួសារមានសុភមង្គលចេះស្រលាញ់គ្នាទៅវិញទៅមក។
lines/679.jpg	ក
lines/695.jpg	វិញទៅមកទៀតផង។ក្នុងមានយើងជាសិស្សា
lines/697.jpg	វាមិនល្អនោះទេដល់ជាតិនិងសង្គម គ្រួសារ
lines/693.jpg	គ្រួសាមិនមានសុភមង្គលអស់ការស្រលាញ់
lines/696.jpg	នុសិស្សមិនប្រើប្រាស់អំពើហិង្សានោះទេព្រោះ
lines/698.jpg	វិនាស់ហិនហោចបាត់បង់សុភមង្គលទៀតផង។
lines/694.jpg	ប្រពន្ធកូន អាចឈាមទៅការសម្រាប់គ្នាទៅ
lines/680.jpg	សរុបសេចក្តីមកនៅប្រទេសយើងមិនចង់អោយ
lines/1731.jpg	ទូទៅចំពោះប្រាក់ច្បាស់លាស់។តែងល្បះ ថៃ មីងសំ ខេត្តប៉ៃលិន
lines/1732.jpg	បូណា ស្រីអោយ
lines/1733.jpg	-ពូរបស់ខ្ញុំរស់នៅប្រទេសថៃ។
lines/1734.jpg	-មីងសំទៅផ្សារទិញម្ហូន។
lines/1724.jpg	មិនចំពោះ។តែងល្បះ៖ សៀវភៅ ពលករ កសិករ ផ្ទះ ស្ងួនច្បារ.
lines/1721.jpg	ពិស្ណុក (ន )ទេវតាខាងជើង ដែរជាអ្នកសម្រាចកិច្ចថ្វាយឥន្រ្ទ។
lines/1723.jpg	1.ដែលហៅថានាមសាធារណឬសាធារណនាមគឺនាមសម្តែងឈ្មោះទូទៅ
lines/1728.jpg	- ពលករទើបចេញពីធ្វើការ។
lines/1720.jpg	ស្ងប់ស្ងែង(កិ)ការក្រែង ខ្លាចចិត្ត ខ្លាចក្រែងក្នុងចិត្ត។
lines/1718.jpg	ឧបាយកល(ន) កច្ចកល ល្បិចល្បង់ យ៉ាងល្ប ល្អិតម៉ត់ចត់ ។
lines/1729.jpg	-នៅសាលារៀនរបស់ខ្ញុំមានសួរផ្កា។
lines/1730.jpg	2,ដែលហៅថានាមសាធារណឬសាធារណនាមគឺនាមសម្តែងឈ្មោះមិន
lines/1719.jpg	ព្រះសិរសា(ន) ក្បាល។
lines/1726.jpg	-សៀវភៅនេះមានច្រើនទំព័រ។
lines/1716.jpg	I ការពន្យក់ពាក្យ
lines/1717.jpg	ឧបាយកល ព្រះសិរសា ស្ងប់ស្ងែង ពិស្ណុក
lines/1722.jpg	III
lines/1727.jpg	-អ៊ិំរបស់ខ្ញុំជាកសិករធ្វើស្រែ។
lines/2024.jpg	I ពន្យល់ពាក្យ
lines/2027.jpg	បន្ទារ
lines/2032.jpg	2,ចំណុចដែលបញ្ជាក់ពីអត្តសញ្ញាណជាតិខ្មែរនៅក្នុងរឿង ទំនៀមចោះត្រចៀកកូនស្រី
lines/2037.jpg	1,និយាយរៀបរាប់ពីសព្វនាមដែលសម្តែងឈ្មោះមិនទូទៅ
lines/2025.jpg	ក្រណាក
lines/2030.jpg	ចម្លើយ
lines/2036.jpg	III វេយ្យាករណ៏
lines/2035.jpg	សម័យណាមួយ។កាកំណត់តែងរឿងតួអង្គដែលអ្នកនិពន្ធ បានសរេសរសាឡើង
lines/2026.jpg	គោក(ន) គឺរីងស្ងួត ការគ្មាទឹក
lines/2033.jpg	សម្លៀកបំពាក់គ្រឿងអលង្ការនិងវប្បធម៏។
lines/2028.jpg	ទាសី(ន)គឺជាអ្នកធ្វើកាក្នុងផ្ទះឪ្យគេ
lines/2031.jpg	1,ប្រាប់ពីរធី តែងនិពន្ធត្រង់ចំណុចការបញ្ចប់រឿងគឺពេលខ្លះតួរអង្គស្លាប់ពេលខ្លះតួរអង្គរស់។
lines/2034.jpg	3,ហៅងាកាលកំណត់តែងសង្គមបរិយាកាសជាសង្គលដែអ្នកនិពន្ធបានលើពី
lines/2029.jpg	អលង្ការ(ន) គឺរបស់តុបតែងលម្អខ្លួនដើម្បីមើលទៅស្រស់ស្អាត.
lines/2745.jpg	កុំឪ្យពុកម្តាយព្រួកបារម្ភនិងមិនឪ្យខ្លួនយើងខូចកេរ្តិ៍ឈ្មោះឬឪនអត់ដល់មុនមាត់របស់
lines/2746.jpg	គ្រួសារយើងការណាបាត់បង់កេរ្តិ៍ឈ្មោះហើយពេលយើងទៅណាមិនណាឬជួយមិត្តភក្តិ
lines/2747.jpg	ឬទៅជួយជាមួយគេធ្វើឪ្យយើងខានគេឬលក់មុខឬការជួយជុំការងារផ្សេងៗទៀតផងសែរ
lines/2748.jpg	ខូចកេរ្តិ៍ឈ្មោះដល់ការងារឬនៅក្នុងសាលារៀនដល់គ្រួសារនិងសង្គមជាតិឬកន្លែងផ្សេងៗ
lines/2749.jpg	ទៀតថ្កុំថ្កើងដែលខ្លួនយើងឪ្យផ្តល់បានការងារល្អៗធ្វើជួយតែងមនុស្សល្អៗជាមួយយើងជួយតែ
lines/2750.jpg	សេចក្តីល្អអំពើល្អសុខសប្បាយនិងមានផ្លូវចិត្តល្អៗនិងមានការរីកចម្រើននៅមនុស្សមនុស្សជុំវិញខ្លួន។
lines/2751.jpg	ឪទាហរណ៍ កូនប្រុសស្រីត្រូវតែធ្វើកូនល្អមនុស្សល្អនៅក្នុងសង្គមជាតិ។
lines/2753.jpg	សរុបសេចក្តីកូនកាចមិនចេះស្តាប់ឪពុកម្តាយធ្វើឪ្យឪពុកម្តាយពិបាកចិត្តរាល់ថ្ងៃមិន
lines/2754.jpg	ខ្វល់ពីឪពុកម្តាយថាពិបាកឬមាត់ឡើយតែយើងបើកូនស្លូតវិញតែងតែជួយឪពុកម្តាយមិនឪ្យឪពុកម្តាយ
lines/2756.jpg	ប្រធានខាងលើកមានតម្លៃណាស់សម្រាប់អប់រំដល់យើងនិងក្មេងៗចំណែក
lines/2758.jpg	ម្នាក់ធ្វើជាកូនល្អក្មេងល្អសក្សាល្អខ្ញុំខិតខំរៀនពីវិពួកវាបន្តទៀត។
lines/2755.jpg	ពិបាកចិត្តតែងតែជួយការងារឪពុកម្តាយទៀតផង
lines/2757.jpg	ក្រោមនិងផ្តល់ឪ្យយើងបានយល់ដឹងទៀតផង។ក្នុងមានខ្ញុំជាអ្នករៀនសូត្រជាក្មេងល្អ
lines/578.jpg	IV ដែលហៅថា គុណនាមគឺជាពាក្យសម្រាប់សង្គមសំគាល់បញ្ជាក់ឪ្យនាមគុណនាមមាន6ដូចជា៖
lines/579.jpg	-គុណនាមចំនួន
lines/580.jpg	-គុណនាមកម្មសិទ្ធិ បនិសព្ធកំណត់
lines/581.jpg	-គុណនាមសំណួរ
lines/582.jpg	-គុណនាមប្រក្រតី
lines/583.jpg	-គុណនាមកម្មសិទ្ធិ
lines/584.jpg	២. និយមន័យគុណនាម
lines/1563.jpg	រក្សាអ្នកទេវតាស្តេចសៀមព្រះបានបន់ស្រន់ថាអរក្សអ្នកតានិងសន្យាថាបើបំណន
lines/1562.jpg	បានជាមានឈ្មោះថា "ភ្នំបាយ៉ង់កោរព្រោះនៅពេលព្រះអង្គរត់ចេញពី
lines/1564.jpg	បានដូចប្រាថ្នានិងកោរសក់ថ្ងូាដើម្បីលាងបំណន់។
lines/1565.jpg	2,នៅពេលដែលព្រះអង្គបាទបាយ៉ង់កោរភៀសខ្លួនចរញពីស្តេចសៀម
lines/1558.jpg	ស្ងប់ស្ងែង(កិ)ការក្រែង ខ្លាចចិត្ត។
lines/1555.jpg	I ពន្យល់ពាក្យ ឧបាយកល ព្រះសិរសា ស្តប់ស្ងែង ពស្ណុការ។
lines/1568.jpg	- សូមឪ្យ
lines/1574.jpg	III សំណួរ វេយ្យករណ៏ ( 60ពិន្ទុ )
lines/1566.jpg	ព្រះ អង្គបានបន់ស្រន់ទេវតាអារក្សទឹក ដូចជា៖
lines/1570.jpg	3បានជានាងទិព្វសុតាចន្ទចុះមករស់នៅជាមួយតារលឹមសេងនៅឋានមនុស្ស
lines/1556.jpg	ឧបាយកល(ន) ល្បិចកច្ចកល បោកប្រាស់ ភូតភូរធ្វើឪ្យអ្នកផ្សេងជឿរលើខ្លួន។
lines/1567.jpg	- សូមឪ្យជួបកន្លែងដែលស្ងប់សុខ
lines/1557.jpg	ព្រះសិរសា(ន) ក្បាល។
lines/1572.jpg	4, ព្រះពិស្ណុការ បានរៀនវិជ្ជាធ្វើសំណងនិងសិល្បះពីទេវ
lines/1573.jpg	បុត្រឋានព្រះឥន្រ្ទ។
lines/1569.jpg	- សូមកុំឪ្យពួកសៀមតាមទាន់
lines/1571.jpg	លោកព្រោះនាងទិព្វសុតាចន្ទបានលូចបេះផ្កាតាលឹមសេងចំនួន6ទង។
lines/1559.jpg	ពិស្ណុក (ន )ទេវតាខាងជើង ដែរជាអ្នកសម្រាចកិច្ចថ្វាយឥន្រ្ទ។
lines/1560.jpg	II សំណួរ
lines/1022.jpg	មិនថែមប៉ុណ្ណោះធ្វើបរទេសមើលងាយនិងវាយតម្លៃខ្មែរយើងបានពីព្រោះអំពើ
lines/1025.jpg	គ្នាការើសអើងពីសំណាក់សង្គមកាបំផ្លាញ់ទ្រព្ស សម្បត្តិ ក្នុងផ្ទះលួចប្លន់ទ្រព្យអ្នក
lines/1029.jpg	ប្រធានខាងលើគឺពិតជាមានតម្លៃអប់រំចេះសាងនៅសេចក្ដីល្អមិនប្រើអំពើហិង្សា
lines/1032.jpg	បៀតបៀបគ្នាទៅវិញទៅមកនិងរស់នៅជាមួយដោយភាពសេចក្តីល្អ។
lines/1028.jpg	គ្នាទើបធ្វើអោយមានសុភមង្គលរស់នៅដោយភាពសុខឧដូមរមនាទាំងសង្គមនិងគ្រួសារ។
lines/1021.jpg	បុគ្គលមួយចំនួននិងធ្វើអោយប្រទេសជាតិយើងគ្មានភាពរុងរឿងរីកចម្រើនលូតលាស់ឡើយ
lines/1020.jpg	ជាទូទៅជាក់ស្តែងក្នុងសង្គមយើងគឺសម្បូរទៅដោយអំពើហិង្សារទៅកូនប្រពន្ធនិង
lines/1030.jpg	ឬគ្មាពាក្យទ្រគោះបោះបោកឡើងពើបធ្វើអោយមានសុភមង្គលក្នុងគ្រួសារ។
lines/1027.jpg	សង្គមរីកចម្រើនមានកេរ្ត៍ឈ្មោះរុងរឿង។និងគ្រួសារគ្មានកាចង់គំនុំរវាងគ្នានិង
lines/1023.jpg	ហិង្សារទៅលើគ្រួសារក្នុងការរស់នៅមិនចម្រុះគ្នានិងគ្នាឡើយ។ធ្វើអោយបាត់បង
lines/1031.jpg	ក្នុងនាមខ្ញុំជាសិស្សម្នាក់ត្រូវប្រើពាក្យល្អៗមិនគុំស្រគំរើយដាក់គ្នាឡើងមកនត្រូវ
lines/1026.jpg	ដទៃតែបើយើងកសាងនូវសេចក្តីល្អនោះធ្វើអោយយើងជះស្រឡាស់ និងការប្រព្រិត្តល្អធ្វើឪ្យ
lines/1024.jpg	កិត្តិយស បាត់បង់សេចក្តីល្អដែលខំកសាងឡើងមកដោយសារតែកាប្រើហិង្សានៅ
lines/1656.jpg	លោកគ្រូរបស់ខ្ញុំចិត្តល្អណាស់
lines/1657.jpg	3ដែលហៅថានាមករណ៌ឬករនាមគឺជានាមសម្តែងសកម្មភាពអ្វីមួយ
lines/1658.jpg	ខ្ញុំកំពុងរៀន
lines/1661.jpg	កូនក្មេងដើរទៅសាលា
lines/1659.jpg	មនុស្សម្នាជិះម៉ូតូទៅផ្សារ
lines/1660.jpg	បងខ្ញុំស្ទុចត្រីក្រោយផ្ទះ
lines/1662.jpg	សិស្សថ្នាក់Bជជែកគ្នា
lines/1648.jpg	អ៊ំុរបស់ខ្ញុំជាកសិករ
lines/1642.jpg	III
lines/1643.jpg	1 ដែលហៅថានាមសារធារណ៌ឬសាធារនាមគឺជានាមដែលសម្តែង
lines/1645.jpg	ស្ងាណសម្បូរមនុស្សរៀន
lines/1644.jpg	ឈ្មោះទូទៅមិនចំពោះ
lines/1647.jpg	ម្ដាយរបស់ខ្ញុំជាំគ្រូបង្រៀន
lines/1646.jpg	បណ្ណាលយសម្បូររឿងព្រេងខ្មែរ
lines/1652.jpg	បាត់ដំបងមានរមណីដ្ធានច្រើន
lines/1650.jpg	2ដែលហៅថានាមអសារណធារណ៌ឬអសារណនាមគឹជានាមសម្ដែង
lines/1649.jpg	ប៉ារបស់ខ្ញុំទៅភ្ជួរស្រែ
lines/1654.jpg	ភ្នំសំពៅគឹជាកន្លែងដែលទាំក់ទាក់ទាញ់ភ្ញៀវទេសចរណ៌
lines/1651.jpg	ឈ្មោះទូទៅដែលចំពោះច្បាស់លាស់
lines/1655.jpg	សាលារៀនរបស់ខ្ញុំមានសូនច្បារអមជុំវិញ
lines/1653.jpg	ប្រាសាទអង្គរគឺជាសម្បត្តិវប្បធម៌ខ្មេរ
lines/1618.jpg	-អ្នកភូមិរបស់ខ្ញុំសម្គីគ្នាណាក់។
lines/1616.jpg	4,ដែលហៅថានាមនាមករក៍ឬការកនាមគឺជានាមសម្តែងអ្នកធ្វើអំពើ
lines/1617.jpg	ឬសកម្មភាពលក្ខណះណាមួយ។
lines/846.jpg	មុននឹងបកស្រាយប្រធានខាងលើ យើងត្រូវយល់ន័យនៃពាក្យគន្លឹះ
lines/847.jpg	មួយចំនួនសិន ដូចជាពាក្យ "អំពើហិង្សា" មានន័យថា ការប្រើអំពើហិង្សា
lines/848.jpg	ក្នុងគ្រួសារ បុគ្គលណាម្នាក់ ការវាយដំ, រំលោភ... ។ រីឯពាក្យ "បាត់
lines/849.jpg	បង់" មានន័យថា បាត់បង់ប្រភព បាត់បង់ ជារូបវន្តបុគ្គលណាម្នាក់ ។ រីឯពាក្យ
lines/850.jpg	"សុភមង្គល" មានន័យថា សេចក្តីរីកចម្រើន ភាពសុខសាន្ត។ ដូចនេះប្រធាន
lines/851.jpg	ខាងលើមានន័យថា ការប្រើអំពើហិង្សាក្នុងគ្រួសារ បុគ្គលណាម្នាក់
lines/852.jpg	ការវាយដំធ្វើឲ្យបាត់បង់ មនុស្សណាម្នាក់ គឺមិន
lines/853.jpg	ធ្វើឲ្យកើតមាននូវក្ដីស្រឡាញ់ ភាពសុខសាន្តនោះឡើយ។
lines/854.jpg	ជាការពិតណាស់អំពើហិង្សាធ្វើឲ្យមនុស្សគ្រប់រូបខ្លាចមិនចង់
lines/855.jpg	ឃើញ មិនចង់បាននោះឡើយ ព្រោះអំពើហិង្សានាំឲ្យមនុស្សវិនាសអន្តរាយ
lines/856.jpg	ដល់សង្គម ដល់គ្រួសារ ដល់មនុស្សគ្រប់រូបទៀតផង។ អំពើហិង្សាធ្វើ
lines/857.jpg	ឲ្យយើង វិនាសហិនហោច ធ្វើឲ្យបាត់បង់ប្រយោជន៍ជាតិ កើតមានសង្គ្រាម
lines/858.jpg	លើកកាវៃគ្នានាំអោយមានរបួសធ្ងន់ធ្ងរដូច។ដូចនេះហើយយើងត្រូវសាងអំពើ
lines/859.jpg	ល្អឲ្យបានច្រើន កុំឲ្យប្រើអំពើហិង្សាតទៅលើគ្នាទៅវិញទៅមកនោះឡើយ។
lines/860.jpg	ជាក់ស្តែងនៅក្នុងសង្គម មនុស្សគ្រប់រូបមើលឃើញចង់បានប្រាថ្នា សុភមង្គល
lines/861.jpg	មង្គល គ្នានអ្នកណាចង់បាត់បង់ភាពគ្រួសារ វិនាសហិនហោចនោះហើយ។
lines/862.jpg	សរុបមកការប្រើអំពើហិង្សានាំឲ្យគ្រួសារបាត់បង់សុភមង្គលពិត
lines/863.jpg	ប្រាកដមែន។
lines/2227.jpg	III
lines/2228.jpg	2.
lines/2916.jpg	-នេះជាប៊ិចរបស់ខ្ញុំឯនោះជាសៀវភៅរបស់ឯង។
lines/2917.jpg	- នេះជាផ្ទះរបស់អ្នកឯនោះជាផ្ទះរបស់ខ្ញុំ។
lines/2918.jpg	+ សព្វនាមសំណួរ
lines/2919.jpg	-តើអ្នករៀននៅសាលារៀនណាដែរ?
lines/2921.jpg	+
lines/2920.jpg	- តើមីងសុខឯងមានឈ្មោះអ្វី?
lines/2922.jpg	+សព្វនាមមិនច្បាស់
lines/2923.jpg	-ឡានេះជារបស់នរណា?
lines/2924.jpg	- តើសំតសុខារស់នៅឯណា?
lines/2925.jpg	+ សព្វនាមបុរិស
lines/2926.jpg	- តាសំទៅស្រែ គាត់ទៅស្រែមើលស្រូវ។
lines/2927.jpg	- សុជាសិស្សគាត់ជាសិស្សពូកែជាងគេ។
lines/2928.jpg	+ សព្វនាមឈ្នាប់ដែល
lines/256.jpg	តែងតែចង់បានឪ្យគ្រួសារមានភាពរីកចម្រើនមានភាពសម្បាយរីករាយនិងមានសុភមង្គល
lines/264.jpg	ហិង្សារទាំងនេះមិនបានធ្វើឪ្យមនុស្សគ្រប់រូបមានការយល់ដឹងពើការវាសតម្លៃ
lines/253.jpg	និងគ្មានភាពរីកចម្រើន និងសេចក្តីសុខនិងមាន ព្យាយាមឱ្យបានយូរមិនចេះឪ្យតម្លៃ
lines/257.jpg	ក្នុងគ្រួសារនីមួយៗមនុស្សយើងក៏ចង់បានគ្រួសារដល់មួយល្អហើយតែងតែបាន
lines/254.jpg	គ្រួសារឡើយ។
lines/266.jpg	ចេះខ្វាល់ពីរពួកវានិងរៀនសូត្រយល់ដឹងឪ្យបានច្រើននិងមានសិស្ប៍ធម៍ល្អ
lines/255.jpg	ជាការពិតណាស់ អំពើហិង្សាក្នុងគ្រួសារបានបាត់សុភមង្គលមនុស្សយើងម្នាក់ៗ
lines/265.jpg	នោះទេសុភមង្គលគឺជាភាពរីកចម្រើននិងភាពរីរាយទេនិងឪ្យយើងគិតនិង
lines/267.jpg	នៅក្នុងគ្រួសារនិងធ្វើឪ្យយើងមានសីសធម៍គុណធម៏និងសេចក្តីព្យាយាមនិងមាន
lines/241.jpg	IV ទស្សនះមួយលើកឡើងថា” អំពើហិង្សានាំអោយគ្រួសារបាត់បងសុភមង្គល“។
lines/258.jpg	សង្គមគេហើយមិនចេះឈ្លោះប្រកែកគគ្នានិងប្រើអំពើហិង្សាទៅគ្នាទៅវិគទៅមកផងហើយតែងតែ
lines/259.jpg	ចង់បានភាពរីកចម្រើនមានន័យល្អនិងមានសេចក្តីថ្លៃថ្នូរទៀតផងតែងតែប្រព្រឹត្តិ
lines/260.jpg	អំពើល្អចង់បានគ្រួសារមួយដ៏រីកចម្រើនមិនប្រកាន់តែអំពើហិង្សារវិញគឺជា
lines/242.jpg	ចូរពន្យល់និងលើកឧទាហរណ៍ពញ្ជាក់។
lines/247.jpg	ទើបមានទស្សនះមួយបានលើកឡើងថា” អំពើហិង្សានាំអោយគ្រួសារបាត់បងសុភមង្គល“។
lines/243.jpg	សេចក្តីអធិប្បាយ
lines/248.jpg	តើទស្សនះខាងលើនេះមានន័យដូចម្ដេច?
lines/244.jpg	មនុស្សគ្រប់រូបក៏តែងតែចង់បានគ្រួសារមួយដល់ល្អហើយតែងតែចង់បានគ្រួសារមួយដែលមានសុភាមង្គម
lines/252.jpg	ដូចនេះហើយអំពើហិង្សាក្នុងគ្រួសារបានបាត់ សុភមង្គលនិងគ្មានមានការកែប្រែបាក
lines/249.jpg	ដើម្បីឈានទៅដល់កាលបកស្រាយប្រធានខាងលើនេះយើងត្រូវយល់ដឹងពាក្យមួយចំនួនជា
lines/245.jpg	ដែលមិនចេះឈ្លោះប្រកែកគ្នានិងប្រើអំពើហិង្សានៅក្នុងគ្រួសារទៅវិញទៅមកផងដែលហើយតែងតែ
lines/261.jpg	អំពើម្យាងដែលអ្នកដទៃមិនគោរពស្រលាញ់និងមិនឪ្យតម្លៃមកទើបយើងនិង
lines/250.jpg	មុខសិន។ពាក្យថាអំពើហិង្សារគឺជាការមិនអោយតម្លៃក្រុមគ្រួសារ។ពាក្យថា
lines/251.jpg	សុភមង្គលមានន័យថាជាភាពរីករាយនៅក្និងគ្រួសារ។
lines/246.jpg	ចង់បានភាពរីកចម្រើនមានវិន័យល្អនិងមានសេចក្តីថ្លៃថ្នូរទៀតផង។ហេតុដូចនេះហើយ
lines/262.jpg	មនុស្សជុំវិញខ្លួនយើងផងដែលដើម្បីឪ្យទៅណាមកណាំមានគេចូលចិត្តនិងដើម
lines/263.jpg	ងាយស្រួយនិងវាលតម្លៃយើងដែលមានគ្រួសាគ្នានតម្លៃនិងអប់រំយើងអំពើ
lines/2586.jpg	មានន័យថាដូចដែលស្តាប់ពាក្យប្រដៅឪពុកម្តាយមាន។
lines/2587.jpg	"ថ្គុំថ្កើង "មានន័យថារីកចម្រើនមានមានអំណោយផល។
lines/2591.jpg	ខ្លូនល្អតែម្យ៉ាងប៉ុណ្ណោះ។
lines/2589.jpg	នូវពាក្យទូន្មានព្រៀនប្រដៅដែលជាទឹកចិត្តនិងក្ដីស្រលាញ់ដែលអ្នកមានគណខំផ្តល់ឪ្យនោះ
lines/2588.jpg	ដូចនេះពាក្យគន្លិះខាងលើមានន័យថាកាដែលមិនយល់ពីទឺកចឹត្តឪពុកម្តាយមិនទទួល
lines/2590.jpg	គឺជាការបំផ្លាញទំនុកចឹត្តរបស់អ្នកទាំងពីរដែលគ្មានគោលបំណង់អ្វីផ្សេងក្រៅពីកងឪ្យកូនរបស់
lines/2592.jpg	ជាកាពិតណាស់សុតមង្គលការស្រណុកចឹត្តសុខទាំងកាយរបស់ឪពុកម្តាយគឺថ្ជិត
lines/2593.jpg	នៅលើកូនៗគឺនៅពេលដែលកូនចេះក្រែងចឹត្តចេះយល់ពីសុខឪពុកម្តាយចេះប្រើពាក្យសរម្យ
lines/2594.jpg	គឺជាកាជម្រុញទឹកចឹត្តរបស់ឪពុកម្តាយនិងឪ្យខំប្រឹងរកស៊ីដើម្បីកូននិងធ្វើឪ្យពួកគាត់ធ្វើការ
lines/2596.jpg	ក្នុងគ្រួសារនិងនៅសង្គមខាងក្រៅបើយើងមានឬកពារថ្លៃថ្នូរនោះអ្នកដទៃនិងសងឬក
lines/2595.jpg	ដោយសុខចឹត្តមិនព្រួយបាម្ភនិងយើងឡើយ។ចរឹករឹកពារល្អគឺជារឿងដែលល្អសម្រាប់ទាំង
lines/2597.jpg	ពារថ្លៃថ្នូរនោះមកកាន់យើងវិញសម្រាប់គ្រួសារគឺធ្វើឪ្យឪពុកម្តាយនិងមិនព្រួយ
lines/2576.jpg	IV តែងសេចក្តី" ប្រធានកូនកាចបំពេញទុក្ខម្តាយឪពុកព្រួយបារម្ភ កូនស្លូតចេះតួរសម មែមាផ្តុំថ្កើងកេរ្តីឈ្មោះ“
lines/2577.jpg	សេចក្តីអធិប្បាយ
lines/2578.jpg	មាតាបិតាគ្រប់ៗរូបព្យាយាមព្រៀនប្រដៅកូនៗឪ្យដើរនូវផ្លូវល្អមានចរិកពា
lines/2579.jpg	ថ្លៃថ្នូមានចំណេះពីព្រោះចិត្តជាឪពុកម្តាយគឺតែងតែចង់ឃើញកូនល្អនិងព្រួយបារម្ភខ្វល់ខ្វាយពីកូនជា
lines/2584.jpg	សិន។កូនកាចមានន័យថាកូនដែលមិនស្តាប់បង្កាប់ពាក្យប្រដៅទូន្នានកូនមានចរឹករេកពាតម្រួស
lines/2585.jpg	គម្រើយបោះបោកទៅលើឪពិកម្តាយ។បារម្ភមានន័យថាគឺភ័យខ្លាចទៅលើរឿងអ្វីមួយ។កូនស្លូត"
lines/2580.jpg	និច។ហេតុដូចនេះហើយទើបមានពាក្យទូន្មានមួយឃ្លាពោលថា"កូនកាចបំពេញទុកម្តាយឪពុកព្រួយ
lines/2581.jpg	បារម្ភ កូនស្លូតចេះគួរតាមមេបាថ្កើងកេរ្តិ៏ឈ្មោះ "។
lines/2583.jpg	ដើម្បីជាស្ពានឈានដល់ការបកស្រាយប្រធានយើងត្រូវយល់ពាក្យគន្លឹះមួយចំនួន
lines/2582.jpg	តើពាក្យទូន្មានខាងលើមានន័យដូចម្តេច?
lines/365.jpg	ភិយ្យោភាព
lines/362.jpg	និរេធ
lines/361.jpg	I
lines/363.jpg	អាហារភោជន អាហារជនបម្រើ។
lines/367.jpg	1.ចលនាអក្សសិល្ប៏មាន4គឺ
lines/371.jpg	3,ចលនាអក្សរសិល្ប៏នីមួយៗមាន
lines/368.jpg	-ចលនាអក្សសិល្ប៏ពុទ្ធនិយម
lines/370.jpg	-ចលនាអក្សសិស្ប៏ព្រាហណ៏និយម
lines/369.jpg	-ចលានាអក្សសិល្ប៏ខេមរះនិយម
lines/373.jpg	5,ភាសាខ្មែរមានការអភិវឌ្ឍធំៗ3គឺអាណាចក្រភ្នំ
lines/372.jpg	4,រឿងសិរិធរស្ថិតក្នុងចលនាអក្សរសិល្ប៏ខេមរះនិយម។ស្ថិតក្នុងរឿង
lines/374.jpg	អាណាចក្រចេនឡានិងអាណាចក្រអង្គរ។
lines/377.jpg	1,ដែលងៅថាគុណនាមគឺជានាមទាំងឡាយណាដែល
lines/375.jpg	2,ដែលហៅថាចលនាអក្សរសិល្ប៏គឺជា៖
lines/376.jpg	III
lines/379.jpg	ចង្អុលគុណនាមរាបគុណនាមមិនច្បាស់ គុណនាមមិនប្រក្រតីគុណនាមចំនួន ។គុណនាមកម្មសិទ្ធិ។
lines/378.jpg	បញ្ជាក់លក្ខណឪ្យនាម។មាន6គឺគុណនាមសំណួរ គុណនាម
lines/1450.jpg	មានថ្ងៃមួយស្តេចសៀមក៏នាំមនុស្សទៅចាប់ព្រះនាងសក់ក្រអូបឪ្យមក
lines/1451.jpg	នៅនគរខ្លួនបន្ទាប់មកស្តេចបាយ៉ង់កោរក៏ដឹងនាំព្រះនាងជៀសខ្លួនចេញ
lines/1452.jpg	ពីនគរ។
lines/1453.jpg	2, នៅពេលដែលព្រះបា
lines/1455.jpg	ងខ្មែរភាគទី5។បានជាមានឈ្មោះថាបានយ៉ងកោរព្រោះព្រះអង្គ
lines/1454.jpg	II , 1, រឿង ភ្នំបាយ៉ងកោរនៅខេត្តតាកែវដកស្រងពីរឿងប្រជុំរឿ
lines/1457.jpg	2, នៅពេលដែលព្រះបាទបាយ៉ងកោររត់ភៀសខ្លួនចេញពីស្តេច
lines/1456.jpg	កោសក់ដើម្បីលាបំណន់។
lines/1458.jpg	សៀម ព្រះអង្គបានបនស្រន់ទេវតា អារក្ស ទឹក និងអារក្ស
lines/1459.jpg	សូមឲ្យពួកសៀមមកតាមសូមឪ្យវិនាសហិនហោចនឹងមិនឲ្យ
lines/1460.jpg	តាមទាន់វង្វេង្វេងជ្រុសផ្លូវគ្នាបើបំណងនិងកោរសក់ថ្វាយ។
lines/1461.jpg	3, បានជានាងទិព្វសុខតាចាន្ទចុះមករស់នៅជាមួយតាលឹមលឹមសេង
lines/1464.jpg	ទោសឲ្យនាងទិព្វសុតាចន្ទដោយមកធ្វើជាប្រពន្ធតាលឹមសេង6ឆ្នាំ។
lines/1462.jpg	នៅថានមនុស្សលោកព្រោះនាងទិព្វសុតាចន្ទបានកាច់ផ្កាតាលឹមសេង
lines/1463.jpg	ចំនួន6ទៅហើយព្រះឥន្ទ្រក៏បានដឹងហើយព្រះឥន្រ្ទបានដាក់ទូ
lines/1465.jpg	4, ព្រះពិស្ណុការ បានរៀនវិជ្ចីា សាងសង់សិល្បាប សិល្បះ
lines/1466.jpg	និងពីទេវបុត្រពីឋានព្រះឥន្រ្ទ។
lines/1447.jpg	II. 1, រឿង “ភ្នំបាយ៉ង់កោរនៅខេត្តតាកែវ“ដកស្រង់ចេញលក្ខណ
lines/1446.jpg	ពីប្រជុំរឿងខ្មែរភាគទី5
lines/1448.jpg	តជា។បានជាមានឈ្មោះថាបាយ៉ង់កោរ ព្រោះមានស្តេចមួយមាន
lines/1449.jpg	ព្រះនាមថាយ៉ង់ ព្រះអង្គមានព្រះមហេសីឈ្មោះព្រះនាងសកក្រអូប
lines/1252.jpg	-ខេត្តមណ្ឌលគីរីមាររំមណ្ឋីដ្ឋាន
lines/1254.jpg	-ខេត្តបាត់ដំបងមានភ្នំសំពៅ
lines/1256.jpg	-ស្រុកបាណន់នៅភូមិក្រពើជើងមានវត្ត
lines/1253.jpg	-ខេត្តព្រះវិហាមានប្រាសទជាច្រើន
lines/1259.jpg	-វត្តមួយនៅខេត្តបាត់ដំបង។
lines/1251.jpg	១,នាមសាធារណ៍ឬសាធារណនាគឺជានាមដែលសម្តែងឈ្មោះទូទៅមិនចំពោះ។
lines/1258.jpg	២,ដែល ហៅថានាមសាធារណ៍ឬសាធារណនាគឺជានាមដែលសម្តែងឈ្មោះទូទៅមិនចំពោះច្បាស់លាស់។
lines/1260.jpg	-ភ្នំមួយនៅខេត្តតាកែវ
lines/1261.jpg	-ស្រុកមួយនៅខេត្តបាត់ដំបង
lines/1257.jpg	-ភ្នំសំពៅមានសាលារៀន
lines/1250.jpg	IIIរវយ្យករណ៏
lines/1255.jpg	-ស្រុកបាណន់មានកន្លែងរមណីដ្ឋាន
lines/1262.jpg	-ប្រាសាទនៅខេត្តសៀមរាប
lines/1272.jpg	-អ្នកបង្ក
lines/1263.jpg	-កោះមួយនៅខេត្តកែប
lines/1269.jpg	-កោះចុង
lines/1264.jpg	៣ដែលហៅថានាមករណ៏នាមគឺណាំំដែលសម្រាប់សម្តែងសកម្មភាពអ្វីមួយ។
lines/1267.jpg	-វត្តស្នឺង
lines/1265.jpg	-វត្តនៅលើភ្នំសំពៅ
lines/1273.jpg	-អ្នកធ្វើសំណង
lines/1268.jpg	-វត្តអណ្តើក
lines/1266.jpg	-ក្រពើជើង
lines/1274.jpg	-អ្នកជំនួញ
lines/1271.jpg	-អ្នកកាប់ -អ្នកលេង
lines/1270.jpg	៤,នាមករណ៏នាមឬការណ៏នាមគឺថានាមសំម្តែងអ្នកធ្វើអំពើ
lines/1877.jpg	៣,បានជានាងទិព្វសុតាចន្ទចុះមករស់នៅជាមួយតារលឹមសេងនៅឋានមនុស្សលោកព្រោះនាងទិព្វសុតាចន្ទបានលូចបេះផ្កាតាលឹម
lines/1889.jpg	-ផ្ទះថ្មកោះធំណាស់។
lines/1891.jpg	-អ្នកគ្រូនោះស្អាត់ណាស់។
lines/1873.jpg	ព្រះសិរសា(ន) រសក្បាល។
lines/1871.jpg	I ការពន្យក់ពាក្យ
lines/1872.jpg	ឧបាយកល(ន) ការងារដែលរៀបចំល្បិចល្អិតម៉ត់ចត់ ។
lines/1874.jpg	ស្ងប់ស្ងែង(កិ)សេចក្តី សេចក្តីសសើរ រំភើប។
lines/1880.jpg	-សូមឪ្យជួបសេចក្តីកាប់ចិត្ត
lines/1876.jpg	1,រឿង“ភ្នំបាយ៉ង់កោរនៅខេត្តតាកែវ“ដកស្រង់ចេញពីសៀវភៅវរឿងព្រេងខ្មែរភាគ5។
lines/1887.jpg	-ដើមដូងនេះផ្លែធំៗណាស់។
lines/1884.jpg	III វេយ្យករណ៏
lines/1875.jpg	ពិស្ណុក (ន)
lines/1890.jpg	-សៀវភៅនេះស្រួលសរេសរណាស់។
lines/1878.jpg	សេងប្រាំមួយទងហើយត្រូវព្រះឥន្រ្ទក៏បានឪ្យដាក់ទោសនាងឪ្យមករស់នៅជាតាលឹមសេងរយះពេលចំនួនប្រាំមួយឆ្នាំ។
lines/1883.jpg	4,ព្រះពិស្ណុការបានរៀនវិជ្ជាសិល្បះ ពីសំណង់ទេវបុត្រឋានព្រះឥន្រ្ទ ។
lines/1886.jpg	ប្រើធារសាធារណះនាមឪ្យបាន៥ល្បះ
lines/1892.jpg	2,ដែលហៅថានាមសាធារណឬសាធារណនាមគឺនាមសម្តែងឈ្មោះមិនទូទៅចំពោះប្រាក់ច្បាស់លាស់។
lines/1885.jpg	១.ដែលហៅថានាមសាធារណឬសាធារណនាមគឺនាមសម្តែងឈ្មោះទូទៅមិនចំពោះ។ចូលតែងល្បះដោយ
lines/1879.jpg	2,មុននិងភៀសខ្លួនចេញព្រះអង្គបានបន់ស្រន់ទេវតាមារក្សទឹក អក្សតោតថា៖
lines/1888.jpg	-កង់នេះស្អាតណាស់។
lines/1882.jpg	-សូមឪ្យជួបតែស្តេចក្តីសុខតាមផ្លូវ។
lines/1893.jpg	ចូលតែងល្បះដោយប្រើធារសាធារណះនាមឪ្យបាន៥ល្បះ
lines/1881.jpg	-សូមកុំឪ្យពួកសៀមតាមទាន់
lines/137.jpg	3,អោយនិយមន័យអក្សរនីមួយៗ
lines/133.jpg	1,ចលនាអក្សរសិស្ស៍មាន4ប្រភេទ។មានអក្សរបែបព្រាហ្មណ៍និយម
lines/132.jpg	II.ចម្លើយ
lines/134.jpg	ពុទ្ធនិយម ខេមរនិយម និង បច្ចេទេសនិយម។
lines/135.jpg	2,ចលនាអក្សរសិស្ស៍ជាដំណើរប្រែប្រួលអក្សរសិស្ស៍តាមការនិយមនៃវណ្ណះ
lines/136.jpg	ឬស្រទាប់សង្គមទ្រឹស្រ្តីលើទស្សនះគោលគំនិតនរណាមួយក្នុងដំណាកកាលនៃប្រវត្តិសាស្រ្ត។
lines/138.jpg	+អក្សរបែបព្រាហ្មណ៍និយមជាអក្សរសិស្ស៍ប្រភេទណាដែលមានទំនាក់ទំនង
lines/139.jpg	ជាមួយសាសនាព្រាហ្មណ៍ ហើយផ្តើមរឿងបានលើកសរសើរពីរិទ្ធអំណាចនៃព្រះ
lines/140.jpg	ទេវះ ព្រះវិណ្ឌុជាដើម។ឯតួរឿងឬដំណើរមានភាពអច្ឆិរយះហួសហេតុ
lines/146.jpg	ជាមួយអក្សរបែបក្លាយ។។
lines/141.jpg	ដោយតួអង្គប្រុសជាអវតារព្រះនារាយណ៍ ស្រ្តីជានារីកំពូលល្អឯក ហើយ
lines/142.jpg	បញ្ចាប់រឿងសវភាវល្អ ឈ្នះសភាវអាក្រក់។
lines/143.jpg	+អក្សរសិស្ស៍បែបពុន្ធនិយមជាអក្សរសិស្ស៍ដែលមានការ
lines/144.jpg	ជឿលើជំនឿសាសនា។
lines/145.jpg	+អក្សរសិស្ស៍បែបពុន្ធនិយមជាអក្សរសិស្ស៍ដែលមានការ
lines/147.jpg	+បច្ចេទេសនិយមជាប្រភេទអក្សរសិស្ស៍ដែលមានលក្ខណះបែប
lines/148.jpg	ទំនើបនិងមានភាពងាយស្រួលអាចនិងងាយស្រួលយល់។
lines/775.jpg	សុភមង្គលជាក់ជាមិនខាន។
lines/757.jpg	នៅក្នុងសង្គម ឬ ប្រទេសនីមួយៗ អំពើហិង្សា តែងតែមានកើតឡើងនៅក្នុងក្រុម
lines/758.jpg	គ្រួសារ ដែលនាំឱ្យគ្រួសារបាត់បង់សុភមង្គល។ ហេតុដូច្នេះហើយ ទើបមានទស្សនៈ
lines/760.jpg	តើទស្សនៈខាងលើមានន័យដូចម្តេច?
lines/759.jpg	មួយពោលថា៖ “អំពើហិង្សានាំឱ្យគ្រួសារបាត់បង់សុភមង្គល”។
lines/764.jpg	បាត់បង់ក្តីសុខក្នុងគ្រួសារ។ ដូចនេះ ប្រធានខាងលើមានន័យថា ការប្រើអំពើហិង្សា ការ
lines/761.jpg	ដើម្បីបកស្រាយប្រធានខាងលើឱ្យបានច្បាស់លាស់ យើងគប្បីយល់ន័យពាក្យគន្លឹះ
lines/770.jpg	សរុបសេចក្តីអំពើហិង្សានាំមកនូវភាពបាត់បង់គ្រួសារ បាត់បង់សុភមង្គល
lines/763.jpg	ការវាយតប់ ជេរប្រមាថ ។ ឯពាក្យថា «បាត់បង់សុភមង្គល» មានន័យថា
lines/762.jpg	មួយចំនួនដូចជាពាក្យ «ហិង្សា» និង «បាត់បង់សុភមង្គល»។ ពាក្យថា «ហិង្សា» មានន័យថា
lines/771.jpg	ធ្វើឱ្យកូនៗរស់នៅកព្រា។ដូចជាសង្គមបច្ចប្បន្ននៅក្នុងសង្គមយើងមានក្មេងកំព្រាជាច្រើន។
lines/772.jpg	ដូចនេះ ប្រធានខាងលើពិតជាមានអប់រំ ឱ្យយើងកុំប្រើអំពើហិង្សានៅក្នុងគ្រួសាររ
lines/765.jpg	វាយតប់ ជេរប្រមាថ បណ្តាលឱ្យបាត់បង់គ្រួសារ និងបាត់បង់ភាពសាច់ញាតិសន្តានព្រម
lines/766.jpg	ទាំងការរស់នៅមិនចុះចម្រុងគ្នា។
lines/768.jpg	ព្រោះការប្រើអំពើហិង្សា នាំឱ្យការរស់នៅគ្មានភាពចុៈសម្រុងគ្នា ជាហេតុ
lines/767.jpg	ជាការពិតណាស់ ការប្រើអំពើហិង្សានាំឱ្យគ្រួសារបាត់បង់សុភមង្គលពិតមែនពី
lines/774.jpg	នៅក្នុងគ្រួសារ ហើយយើងមិនប្រើអំពើហិង្សានោះទេ នោះយើងមាន
lines/773.jpg	បស់ពួកយើង។ក្នុងនាមយើងជាសិស្សានុសិស្សគ្រប់រូបយើងគប្បីកុំប្រើអំពើហិង្សា
lines/1620.jpg	-អ្នកយាម
lines/1627.jpg	- ប្រុសជាជាអ្នករតប្រណាង។
lines/1621.jpg	-អ្នកធ្វើ
lines/1619.jpg	-អ្នកដើរ
lines/1622.jpg	-អ្នកលេង
lines/1628.jpg	-ពូសំជាអ្នកលោងជីតា។
lines/1623.jpg	-អ្នកអង្គុយ។
lines/1626.jpg	-មីសារជាអ្នកធ្វើមាស។
lines/1624.jpg	-ពូសុខកំពុងយាមទ្វ។
lines/1625.jpg	-ពូមីជាអ្នកបាញសត្វ។
lines/973.jpg	តែក្នុងសង្គមមិនបានបំបាត់រាល់អំពើហិង្សារបានឡើយននណាម្នាក់
lines/978.jpg	តើទស្សនះខាងលើមានខ្លឹមសារយ៉ាងបែបណាដែល?
lines/976.jpg	ហេតុដួចនេះហើយទើបមានទស្សនះមួយលើកឡើងថា«អំពើ
lines/977.jpg	ហិង្សានាំឱ្យគ្រួសារបាត់បង់សុភមង្គល»។
lines/988.jpg	ហើយកំធ្វើឪ្យមានអំពើហិង្សារនាំឪ្យគ្រួសារបាត់បង់សុភមង្គលហើយ
lines/993.jpg	មិនតែគ្រួសារទេដែរនិងបាត់បង់នូវសេចក្តីជឿទុកចឹត្តសូម្បីតែអ្នក
lines/969.jpg	ទស្សនៈមួយបានលើកឡើងថា៖ «អំពើហិង្សានាំឱ្យគ្រួសារបាត់បង់សុភមង្គល»
lines/985.jpg	ជាខ្លូន។រីឯពាក្យ សុភមង្គលមានន័យថាសុខសប្បាយ
lines/974.jpg	តែងតែដឹងច្បាស់ជាអំពើហិង្សានាំឪ្យគ្រួសារបាត់បង់សុភមង្គល់។
lines/981.jpg	ដើម្បីជាស្ពានឈានទៅដល់ការពន្យល់អត្ថបទលើយើង
lines/989.jpg	យនិងធ្វើឪ្យសង្គមមិនល្អ។ឧទាហរណ៏គ្រួសារមួយគ្រួសារមួយនៅក្នុងសង្គមយើងតែងតែង
lines/982.jpg	គប្បីយល់ពាក្យគន្លិះជាមុនសិន។ពាក្យ អំពើហិង្សា
lines/979.jpg	ដើម្បីជាជំនួយដល់ការបំភ្លឺចំពោះបញ្ហារបស់ប្រធានខាងលើ
lines/971.jpg	សេចក្តីអធិប្បាយ
lines/970.jpg	ចូលពន្យល់និងលើកឧទាហរណ៏
lines/984.jpg	លើនរណាម្នាក់ដែលមានភាពទន់ខ្យោយជាងខ្លួនពិបាក់និងទប់ទល់ឬវ៉ា
lines/972.jpg	នាពេលបច្ចប្បន្ននេះនៅក្នុងប្រទេសយើងមានការអភិវឌ្ឍេជៀនលឿន
lines/987.jpg	ដូចនេះប្រធានខាងលើមានន័យថាចង់ឪ្យយើងចេះធ្វើមនុស្សដែលល្អ
lines/975.jpg	តើទស្សនះខាងលើមានខ្លឹមសារយ៉ាងបែបណាដែល?
lines/983.jpg	មានន័យថាជាការប្រើប្រាស់កម្លាំងខ្លាំងៗឬវាយធ្វើទារុបកម្មនៅ
lines/986.jpg	នាំផ្លូវកាយផ្លូវចិត្ត។
lines/990.jpg	ភាពអំពើហិង្សាដោយគ្រួសារជាដើមហើយគ្រួសារធ្វើអោយបាត់បង់
lines/991.jpg	ទ្រព្យសម្បត្តិ និងកាបាត់បង់ការៀនសូត។គ្រួសារពុំមែនជាការលឬ
lines/992.jpg	ជាការនាំឪ្យមានសុភមង្គលនៅក្នុងគ្រួសារទេហើយពុំមែនតែគ្រួសារទេហើយក៌ពុំបែរ
lines/968.jpg	IV
lines/1014.jpg	ខុសច្បាប់ដែរ។ក្នុងគ្រួសារនិងសង្គមនៅសេចក្តីល្អទើបមានសុភមង្គល
lines/1003.jpg	សិនពាក្យ «អំពើហិង្សា» មានន័យថា ការគំរាមកំហែង កាចង់កំនុំគ្នាការបៀត
lines/1016.jpg	សរុបសេចក្តីមកជាការពិតណាស់ក្នុងសង្គមនិងគ្រួសារតែងតែរងនូវការប្រើ
lines/1007.jpg	ដូចនេះប្រធានខាងលើចង់ឱ្យយើងធ្វើអំពីល្អមិនចង់ឪ្យប្រព្រឹត្តិអំពើហិង្សាទៅលើកូនៗ
lines/995.jpg	និងលើកឧទាហរណ៏មកបញ្ជាក់។
lines/999.jpg	អំពើហិង្សាវាប៉ះពាល់ដល់ផ្លូវកាយ ផ្លូវចិត្ត និងសេដ្ឋកិច្ចឡើង។ហេតុដូចនេះហើយ
lines/996.jpg	សេចក្តីអធិប្បាយ
lines/1004.jpg	បៀនទៅលើបុគ្គលមួយចំនួន។
lines/1018.jpg	នោះគឺកូនៗដែលនៅក្នុងក្នុងបន្ទុកគ្រួសារការវាយដុំជេរប្រមាថប្តើពាក្យទ្រកោះបោះ
lines/994.jpg	IV. ទស្សនៈមួយបានលើកឡើងថា៖ «អំពើហិង្សានាំឱ្យគ្រួសារបាត់បង់សុភមង្គល»ចូលពន្យល់
lines/1001.jpg	តើទស្សនៈខាងលើមានអត្ថន័យយ៉ាងដូចម្តេចខ្លះ?
lines/1005.jpg	រីឯរពាក្យ «សុភមង្គល» មានន័យថា ការរស់នៅប្រកបដោយសុខដុមរមនា សេចក្តី
lines/1006.jpg	សុខ ផ្លូវចិត្ត ចំពោះគ្រួសារ។
lines/1002.jpg	ដើម្បីឱ្យការបកស្រាយរបស់យើងកាន់តែច្បាស់ យើងត្រូវស្វែងយល់នូវពាក្យគន្លឹះមួយចំនួន៖
lines/998.jpg	កើតមានអំពើហិង្សាទៅលើស្រ្តី ឬ បុគ្គលឡើយ ហើយជាគ្មានភាពរីកចម្រើនទេពី ព្រោះ
lines/1010.jpg	អំពើហិង្សាក្នុងគ្រួសារ និងសង្គម។
lines/1013.jpg	អំពើហិង្សាទាំងនេះគឺការរំលោបបំពានទៅលើស្រ្តីនិងក្មេងៗក្រោមអាយុ15វាជាក៏អំពោះ
lines/1012.jpg	ភាពសេចក្តីថ្លៃថ្នូរកាលណាមានអំពើហិង្សាក្នុងគ្រួសារវាគ្មានសុភមង្គលឡើយហើយ
lines/1015.jpg	ជារៀងរហូតតទៅ។
lines/997.jpg	ក្នុងគ្រួសារនីមួយៗ តែងតែចង់បាននូវសុភមង្គលទាំងគ្រួសារ និងសង្គម មិនចង់ឱ្យ
lines/1000.jpg	ទើបមានទស្សនៈមួយបានលើកឡើងថា «អំពើហិង្សា នាំឱ្យគ្រួសារបាត់បង់ សុភមង្គល»។
lines/1008.jpg	និងបុគ្គលឡើយ ព្រោះអំពើហិង្សាចង់គុំនុំគំគួនការរំលោភបំពានលើក្មេងៗនិង
lines/1017.jpg	អំពើហិង្សាទៅលើក្មានិងអាចឈានដល់ការលែងលះគ្នាផងហើយះ្នកដែលរងគ្រោះ
lines/1019.jpg	បោកទៅគ្នាបៀតបៀន គំរាមគំហែងការបង្ខិបង្ខំរួមភេទជាមួយក្មេងៗដែល។
lines/1011.jpg	ដួចនេះខាងគឺចង់អប់រំឪ្យចេះកសាងនៅអំពើល្អយ៉ាងណាក៏ដោយឪ្យប្រព្រិត្តនៅតែ
lines/291.jpg	សេចក្តីអធិប្បាយ
lines/307.jpg	ហេតុផងគ្នានោះទេយើងត្រូវស្តាប់ហេតុផលគេជាមុនសិនដើម្បីដឹងលច្បាស់
lines/311.jpg	រីករាយក្លាយជាអ្នកគ្រួសាមួយដែលបាត់បងសុភមង្គល។គ្រួសារមួយដែលតែ
lines/289.jpg	IV ទស្សនះមួយលើកឡើងថា” អំពើហិង្សានាំមកនូវឪ្យគ្រួសារបាត់បង
lines/308.jpg	មនុស្សខ្លះទើបធ្វើគ្រួសារមិនសូវមានអំពើហិង្សាទៀយ។
lines/290.jpg	សុភមង្គល"
lines/309.jpg	សរុបសេចត្តីមកអំពើហិង្សាមិនបានផ្តល់គុណភាពសម្បត្តិអ្វីនោះទេគឺផ្តល
lines/312.jpg	លែងទុកចឹត្តគ្នាដូចដែលស្គាល់គ្នាដំបូង។
lines/313.jpg	ដូច្នោះយើងទស្សនះខាងលើពិតមានជាមានអត្ថន័យយ៉ាងជ្រៀ ជ្រៅសម្រាប់អប់
lines/310.jpg	តែផលវិបាកក្នុងគ្រួសារតែប៉ុណ្ណោះធ្វើអោយគ្រួសារដែលធ្លាប់តែងតែសប្បាយ
lines/314.jpg	រំដល់ពួកយើងអោយយើងកសាងខ្លួនបានល្អជាថ្មីទាន់ហួសពេល។ក្នុងនាមយើង។
lines/292.jpg	សព្វថ្ងៃមនុស្សគ្រប់រូបតែងតែចង់បានគ្រួសារមួយដែលមានសុភមង្គលដល់
lines/293.jpg	កក្តៅ សុខសប្បាយ រុងរឿង មិនមែនគ្រួសារដែលតែងតែឈ្លោះប្រកែក
lines/295.jpg	ដូចនេះហើយទើបមានទស្សនៈមួយបានលើកឡើងថាអំពើហិង្សានាំឪ្យ
lines/315.jpg	មកនូវឪ្យគ្រួសារបាត់បង់សុភមង្គល"។ពាក្យ"អំពើហិង្សា "មានន័យថា
lines/294.jpg	គ្នានោះទេ រាល់ថ្ងៃនេះទេ សុភមង្គលក្នុងគ្រួសាគឺជារឿងដែលសំខាន់។
lines/296.jpg	គ្រួសារបាត់បងសុភមង្គល“
lines/297.jpg	តើទស្សនៈនេះមានអត្ថន័យយ៉ាងដូចម្ដេច?
lines/300.jpg	ការបញ្ចេញកំហិងប្រើកម្លាំងបាយ មិនស្តាប់ហេតុផងអ្វីទាំងអត់
lines/298.jpg	ដើម្បីបកស្រាយទស្សនះខាងលើអោយបានកាន់តែក្បោះក្បាយជា
lines/301.jpg	បាត់បង់សុភមង្គលចំណែកឯពាក្យ បាត់បងសុភមង្គល មានន័យថា កាបាត់
lines/299.jpg	បឋមយើងត្រូវយល់ពាក្យគន្លះជាមួយចំនួនមុខនិងសិនគឺពាក្យអំពើហិង្សារ នាំ
lines/302.jpg	បង់គ្រួសារ សាច់ញ្ញាតិ ដ៏ល្អ តម្លៃគ្រួសារ ។ដូចទស្សនះខាងលើនេះមានន័យ
lines/303.jpg	ថាការបាត់បងកម្លាំងប្រើប្រើកម្លាំងបាយមិនស្ដាប់ហេតុផងដែលធ្វើអោយបាត់បង់
lines/304.jpg	គុណតម្លៃរបស់គ្រួសារ។
lines/305.jpg	ជាការពិតទៅណាស់ទស្សនះខាងលើនេះចង់ឪ្យយើងដឹងពីគុណសម្បាត្តិ
lines/306.jpg	របស់គ្រួសារគឺការជឿជាក់លើគ្នាទៅវិញទៅមក មិនត្រូវប្រើអំពើហិង្សា មិនស្តាប់
lines/1078.jpg	បង្គប់នូវអត្ថន័យយាងជ្រាលជ្រៅសម្រាប់អប់រំអោយយើងមិនប្រ
lines/1079.jpg	ព្រឹត្តនវអំពើហិង្សានៅក្នុងគ្រួសារនិងត្រូវបើកចឹត្តឪ្យទូលំទូលាយ។
lines/1080.jpg	ដូចនេះក្នុងនាមយើងជាកូនខ្មែរយើងត្រូវបេឬចិត្តមិនត្រូវប្រើ
lines/1081.jpg	អំពើហិង្សានោះទេ ដើម្បីកុំអោយបាត់បង់សុភមង្គល។
lines/1082.jpg	I. ពន្យល់ពាក្យ
lines/1083.jpg	និរោច ថ្ងៃ រនោច
lines/1084.jpg	អាហារភោជន អាហារសម្រាប់ស្តេចឬសេដ្ថិ។
lines/1086.jpg	លោមនុស្ស ប្រជារាស្រ្តធ្វើបុណ្យ
lines/1087.jpg	ភិយ្យោភាព
lines/1085.jpg	ព្រះបច្ចេកពុទ្ធ ព្រះពុទ្ធដើរបិណ្ឌបាត។
lines/1075.jpg	មិនប្រព្រឹត្តនៅអំពើហិង្សានោះទេព្រោះការណាមានអំពើហិង្សាក្នុងគ្រួសារ
lines/1074.jpg	សរុបសេចក្តីមកទស្សនះខាងលើនេះពិតជាអប់រំះោយយើង
lines/1076.jpg	គ្រួសារនោះតែងតែរមែងជួបប្រទេសនូវការបាត់បង់សេចក្តីសុខ។
lines/1077.jpg	យោងតាមការបំភ្លឺខាងលើមកទស្សនះខាងលើនេះពិតថាបាន
lines/271.jpg	មនុស្សយើងទាំងឡាយដែលមានជីវិតរស់នៅលើលោកយើង
lines/269.jpg	IV ទស្សនះមួយលើកឡើងថា” អំពើហិង្សានាំអោយគ្រួសារបាត់បង
lines/268.jpg	៣,តែងល្បះតាមប្រភេទគុណមាននីមួយៗ
lines/270.jpg	សុភមង្គល“។ ចូរពន្យល់និងលើកឧទាហរណ៍ពញ្ជាក់។
lines/275.jpg	តើមតិខាងលើនេះមានអត្ថន័យដូចម្ដេច?
lines/276.jpg	ដើម្បីជាប្រទិបបំភ្លើដល់ការបកស្រាយឪ្យមានលក្ខណះក្បោក្បាយ
lines/277.jpg	និងស៊ីជម្រូវជាបឋមយើងត្រូវយល់នៃន័យពាក្យជាមុនសិន
lines/278.jpg	ពាក្យ អំពើហិង្សានាំឪ្យគ្រួសារបាត់បង់សុភមង្គលមានន័យថាគ្រួសារ
lines/279.jpg	មិនចេះស្រលាញ់គ្នាមិនចេះយកយល់គ្នានិងមិនចេះអត់អោនគ្នា។
lines/282.jpg	ជាការពិតណាស់យើងហ៊ាននិយាយបែបនេះដោយយើង
lines/283.jpg	ឃើញថាមានអំណោះអំណានមកបញ្ជាក់ឪ្យយើងថាមុននិងយើងចេះឪ្យ
lines/284.jpg	គ្រួសារយើងមានសុភមង្គលយើងត្រូវចេះស្រលាញ់គ្នា ចេះអត់ឪនគ្នា
lines/285.jpg	គ្នា និងចេះយោគយល់គ្នា។
lines/280.jpg	ស្របតាមកាតបកស្រាយខាងលើនេះយើងឃើញថាមតិរបស់
lines/272.jpg	នេះនរណក៏ដោយក៏តែងតែចង់បានណាស់នៅ សុភមង្គល
lines/273.jpg	ក្នងគ្រួសារ ដើម្បីសម្រាច់បំណងនេះបានលុះត្រាតែ គ្រួសារនោះចេះ
lines/274.jpg	ស្រលាញ់គ្នា ចេះអាស្រ័យគ្នាហេតុនេះហើយទើបមានទស្សនះមួយបានលើកឡើងថា
lines/286.jpg	ដើម្បីជាភស្តុតាងឪ្យកាន់តែច្បាស់ជាងនេះទៅទៀតក្នុងរឿងស្នាដៃ
lines/287.jpg	អក្សរសិស្ប័ខ្មែរ អ្នកនិព្ធក៏បានលើកឡើងឪ្យ កាន់តែច្បាស់ជាង
lines/288.jpg	នេះទៅទៀត ក្នុងសកម្មភាពក្នុងរឿងនៃរឿង។
lines/316.jpg	IV ដែលហៅថា គុណនាមគឺជាពាក្យបច្ចេក់ឪ្យនាម ឈ្មោះ សត្វ មនុស្ស រុក្ខជាតិ វត្ថុ ទីកន្លែង។មានប្រាំ គឺ
lines/328.jpg	-គុណនាមសំណួរគឺគុណនាម សម្រាប់រាប់ចំនួន(តិចឬច្រើន)។
lines/329.jpg	-គុណនាមសំណួរគឺគុណនាម សម្រាប់ចោទសួរ។
lines/317.jpg	-គុណនាមសំណួរ
lines/319.jpg	-គុណនាមប្រក្រតី
lines/320.jpg	-គុណនាមកម្មសិទ្ធិ
lines/335.jpg	-បុប្ផាជិះកង់ទៅសាលារៀន។
lines/332.jpg	+គុណនាមចំនួន
lines/334.jpg	+គុណនាមប្រក្រតី
lines/330.jpg	+គុណនាមសំណួរ
lines/318.jpg	-គុណនាមបុរិស កំណត់
lines/321.jpg	-គុណនាមកំណត់។គួន៊
lines/333.jpg	-ខ្ញុំមានប៊ិចចំនួន2ដើម។
lines/322.jpg	២, និយាយន័យគុណនាម
lines/331.jpg	-តើនោះជាអ្វី?
lines/337.jpg	-កាបូបនេះគឺជារបស់តានី។
lines/339.jpg	-នៅបាត់ដំបងមានចំម្ងាយឆ្ងាយពីផ្ទះរបស់ខ្ញុំ។
lines/336.jpg	+គុណនាមកម្មសិទ្ធ
lines/338.jpg	+គុណនាមកំណត់
lines/323.jpg	-គុណនាមប្រក្រតីស្រីសម្រាប់ប្រាប់លក្ខណៈ ធម្មតា ឬ សម្គាល់លក្ខណៈរបស់
lines/324.jpg	មនុស្ស សត្វ និងវត្ថុ និងទីកន្លែង….។
lines/327.jpg	-គុណនាមកម្មសិទ្ធិគឺជាគុណនាមសម្រាប់សម្គាល់ របស់ដែលជាកម្មសិទ្ធិ។
lines/325.jpg	-គុណនាមកំណត់ គឺសម្រាប់ប្រាប់ការបង្ហាញ សភាព ចម្ងាយ (ច្បាស់ មិនច្បាស់
lines/326.jpg	និង ជិតឬ ឆ្ងាយ...) ។
lines/2320.jpg	-ប្រណាក [ ន ] វត្ថុដែលសម្រាប់ឆាកស្លា។
lines/2324.jpg	-អលង្ការ [ន] គ្រឿងតែងលំអមាន ខ្សែដៃ ខ្សែក មាស
lines/2334.jpg	រចប់សព្វគ្រប់ហើយបានបញ្ជាក់ក្នុងស្នាដៃរបស់ខ្លួនពិតប្រាកដ។
lines/2333.jpg	3,កាលកំណត់តាក់តែងគឺជាថ្ងៃខែឆ្នាំដែលអ្នកនិពន្ធបានសរេស
lines/2319.jpg	I ពន្យល់ពាក្យ
lines/2332.jpg	ត្រចៀកកូនស្រីនោះគឺសម្លៀកបំពាក់ គ្រឿងរបលង្ការនិងវប្បធម៏។
lines/2323.jpg	-ទាសី [ ន] ខ្ញុំបម្រើស្រី ខ្ញុំស្រីអ្នកបម្រើស្រី។
lines/2325.jpg	ពេជ្រជាដើម។
lines/2322.jpg	-បន្ទារ [ ន]ប៉ែកទឹកទន្ទឹងក្តារ ឬ បន្ទះឬស្សី។
lines/2329.jpg	ជួបគ្នាខ្លះតួរអង្គបែកបាក់គ្នា ខ្លះអោយតួអង្គជួបក្តីសង្ជឹម
lines/2330.jpg	ខ្លះទៀតជួបបរាជ័យ។
lines/2326.jpg	IV ចម្លើយ
lines/2327.jpg	1.វិធីតែងនិពន្ធត្រង់ចំណុចបញ្ចាប់រឿងអ្នកនិពន្ធបានបន្សល់
lines/2321.jpg	-គោក [ន ] គ្មានទឹក។តោក (ន)
lines/2328.jpg	ទុកចំណុចដូចជាជួនកាលអ្នកនិពន្ធបានបន្សល់ទុកនូវតួអង្គបាន
lines/2331.jpg	2,ចំណុចដែលបញ្ចាក់ពីអត្តសញ្ញាណជាតិខ្មែរក្នុងរឿងទំនាមចោះ
lines/2420.jpg	អលង្ការ(ន) គ្រឿងតុបតែងខ្លួនឧទាហរណ៏គ្រឿងអលង្កាដែល។
lines/2421.jpg	បន្ទារ(ន)
lines/2418.jpg	I ពន្យល់ពាក្យ
lines/2419.jpg	ទាសី(ន) អ្នកបរស្រីខ្ញុំស្រី បស្រី។អ្នកបម្រើស្រី។
lines/2425.jpg	1,វិធីតែងនិពន្ធត្រង់ចំណុចការបញ្ចប់រឿងជួនកាលអ្នកនិពន្ធបញ្ចប់រឿងដោយតួតអង្គ
lines/2423.jpg	ប្រណាក់(ន)
lines/2424.jpg	III ចម្លើយ
lines/2426.jpg	ឯកស្លាប់និងអនោសញ្ញាតនាដោយសេចក្តីអស់សង្ឃឹម។
lines/2428.jpg	នាងប្រពន្ធចុងបានលួចសាហាយជាមួយសេដ្ឋីម្នាក់ឈ្មោះកុមដម្តីដោយនាងប្រពន្ធដើម
lines/2427.jpg	2,ចំណុចបញ្ចាប់ពីអត្តសញ្ញាណជាតិខ្មែរនៅក្នុងរឿងទំនៀកចោះត្រចៀកកូនស្រីដោយ
lines/2429.jpg	ដឹងរឿងនេះក៏នាងប្រពន្ធដើមយកដែកគោលចោះត្រង់ស្លឹកត្រចៀកនាងប្រពន្ធចុងទាំងរស់
lines/2432.jpg	ដែកគោលមាសពាក់ឪ្យនាងប្រពន្ធចុង ក្រោយអ្នកដែលបានឃើញនាងពាក់ចឹងក៏ឪ្យគេចោះ
lines/2422.jpg	គោក(កិ) ការខឹងសម្បើរឬខឹងខ្យល់ តោត(ន)
lines/2430.jpg	ខាងហើយប្រពន្ធដើមបាននិយាយជានេះគ្រាន់ព្រមាននាងប្រពន្ធចុងទេកុំឪ្យលួច
lines/2431.jpg	មានសហាយជាំមួយប្តីគេនាង។ក្រោយកុដ្តុម្តីឃើញត្រចៀកប្រពន្ធចុងប្រហោកក៏ឪ្យជាងធ្វើ
lines/2433.jpg	ត្រចៀកពាក់ដែល តាំងពីពេលនោះតាមរហូតមកដល់កូនស្រី ទើបមាន
lines/2434.jpg	ទំនៀមចោះត្រចៀកកូនស្រីមកដល់ពេលចបច្ចុប្បន្ននេះគឺកាបញ្ចាក់ពីអត្តសញ្ញណជាតិខ្មែរ
lines/2435.jpg	ការចោះត្រចៀកក្មេងស្រី។
lines/2436.jpg	3,ដែលហៅថាកាលកំណត់តែងសង្គលបរិយាកាសកឺ
lines/640.jpg	-គុណនាមសំណួរ
lines/630.jpg	ដូចនេះប្រេធៀនប្រធានខា
lines/632.jpg	ព្រោះតែការអំពើហិង្សាជាអំពើគ្មានប្រយោជន៏ថែមទាំងគេស្អប់ខ្ពើមទៀតផង
lines/633.jpg	ហេតុនេះហើយយើងគួរតែខិតខំរៀនសូត្រនិងជៀសអោយឆ្ងាយពីរអំពើហិង្សា
lines/637.jpg	III
lines/638.jpg	១,គុណនាមមាន6ប្រភេទ។
lines/636.jpg	រៀនសូត្រនិងជៀសអោយឆ្ងាយពីអំពើហិង្សា។
lines/641.jpg	-គុណនាមចង្អុល
lines/643.jpg	-គុណនាមចំនួន
lines/644.jpg	-គុណនាមមិនច្បាស់។
lines/629.jpg	អ្នកស្រលាញ់េាប់អានតែអ្នកស្អប់និងសង្គលស្អប់ខ្ពើមថែមទៀត។
lines/634.jpg	នោះនិងនាំឪ្យយើហនិងគ្រួាសាររស់នៅដោយសេចក្តីសុខនិងសុភមង្គល។
lines/639.jpg	-គុណនាមប្រក្រតី
lines/631.jpg	ដូចនេះទស្សនះខាងលើនេះគេចង់អោយយើងជៀសផុតឪ្យឆ្ងាយពីការប្រើប្រាស់អំពើហិង្សា
lines/642.jpg	-គុណនាមកម្មសិទ្ធិ
lines/635.jpg	ដូចនេះក្នុងនាមយើងជាសិស្សានុសិស្សទស្សនះខាងលើចង់ឪ្យយើងខិតខំសិក្សា
lines/454.jpg	តាមសង្គមជាក់ស្តែងមនុស្សម្នាក់ៗតែងតែប្រាថ្នានូវសេចក្តីសុខសុភមង្គលនៅក្នុងគ្រួសារ
lines/456.jpg	ហើយទើបមានទស្សនះលើកឡើងថា អំពើហិង្សានាំអោយគ្រួសារបាត់បងបងសុភមង្គល។
lines/459.jpg	ក្បាយបន្ថាយទៀតយើងគប្បីយល់នូវពាក្យខ្លះៗនៅក្នុងអត្ថបទជាមុនសិន។មាន
lines/455.jpg	រៀងៗខ្លួនមិនមាននរណាចង់ប្រាថ្នានូវអំពើហិង្សានៅក្នុងគ្រួសារឡើយ។ដូចនេះ
lines/457.jpg	តើទស្សនះដែលមានលើកឡើងមានអត្ថន័យ៉ាងដូចម្ដេច?
lines/458.jpg	ដើម្បីជាជំនួយដល់ការបកស្រាយទស្សនះខាងលើឪ្យនាន់តែក្បោះ
lines/452.jpg	ពន្យល់និងលើកឧទាហរណ៍ពញ្ជាក់។
lines/453.jpg	សេចក្តីអធិប្បាយ
lines/451.jpg	IV ទស្សនះមួយលើកឡើងថាអំពើហិ” ង្សានាំអោយគ្រួសារបាត់បងបងសុភមង្គល“។ ចូរ
lines/462.jpg	យជាងខ្លួនដែលពិបាកនិងទប់ទល់ឬក៏ជាប្តីរបស់ខ្លួន។ រនិងពាក្យ សុភមង្គល មានន័យ
lines/460.jpg	ពាក្យដែលត្រូវលើកយកមកពន្យល់មានពាក្យ"អំពើហិង្សា "មានន័យ
lines/473.jpg	សរុបសេចក្តីមកប្រធានខាងលើមានអត្ថន័យមានតំម្លៃចង់អប់រំឪ្យយើងចេះអត់ឧនឪ្យ
lines/469.jpg	ហារណ៏ដូចជានៅក្នុងសុភមង្គលជាក់ស្តែងក្នុងគ្រួសារនីមួយៗភាគច្រើនសឹងតែខ្ទងរយ
lines/461.jpg	ថាដែលចូលចឹត្តប្រើប្រាស់កម្លំាងខ្លាំងៗឬធ្វើទារុនកម្មលើជនណាដែលមានភាពទន់ខ្យោ
lines/463.jpg	ថាសុខសប្បាយទាំងផ្លូវកាយទាំងផ្លូវចឹត្ត។
lines/471.jpg	សមាជិកនៅក្នុងគ្រួសានោះរងនូវទុក្ខលំបាក់គ្មានភាពកកក្តៅនិងគ្មានសុភមង្គល
lines/464.jpg	ដូចនេះហើយប្រធានខាងលើចង់អោយយើងដឹងថាការប្រើប្រាស់អំពើហិង្សានៅក្នុង
lines/470.jpg	ហើយនៅក្នុងពិភបលោកដែលមានអំពើហិង្សានូវក្នុងគ្រួសាហើយបានធ្វើឪ្យ
lines/474.jpg	ចេះផ្តល់តម្លៃចេះផ្តលសុភមង្គលអោយសមាជិកនៅក្នុងគ្រួសារខ្លួនមិនអោយប្រើប្រាស់អំពើហិង្សា
lines/472.jpg	សោះមានតែសេចក្តីសោះកក្រោះនិងទឹកភ្នែកជារៀងរាល់ថ្ងៃក្នុងការចុះសម្រុងនៅក្នុងគ្រួសារ។
lines/475.jpg	ដើម្បីដោះស្រាយបញ្ហាឬទំនាសគ្រួសាត្រូវចេះដោះស្រាយបញ្ហាដោយសន្តិវិធី
lines/476.jpg	ដោយសន្តតិវិធីដោយកានិយាយផ្អែមល្ហែមដាក់គ្នានិងដោះស្រាយដោយការសួរនាំបញ្ហា
lines/465.jpg	គ្រួសារ។ពុំមែនជាល្អឬជាកាមានសុភមង្គលនៅក្នុងគ្រួសារទេហើយពុំ
lines/466.jpg	មែនមានតែគ្រួសារទេដែលនិងបាត់បង់នូវសេចក្តីជឿទុកចឹត្តសូម្បីតែអ្នកដទៃនៅ
lines/468.jpg	និងមាចបាត់បង់សុភមង្គមឬកាជឿរទុកចិត្តនោះនៅថ្ងៃណាមួយដូចគ្នា។ឪទា
lines/467.jpg	ក្នុងគ្រួសារឬក្រុមណាមួយក៏និងពុំមានការជឿរជាក់លើយើងដែលក៏
lines/2512.jpg	មុននិងឈានចូលដល់ការបកស្រាយប្រធានខាងលើនេះ យើងគម្ពី
lines/2515.jpg	យធ្វើអ្វីតាមតែអារម្មណ៏របស់ខ្លួនឯង ចូលចិត្តបង្ករឿងធ្វើឪ្យឪពុក
lines/2521.jpg	បង្ហាសម៉ូតូគេចសាលាមិនចូលរៀននិងធ្វើសកម្មភាពដែលសង្គម
lines/2501.jpg	IV តែងសេចក្ដី
lines/2520.jpg	ប្រលប់មានពាកពួកបងធំបងធំចូលចឹត្តដើរបង្ករឿងវៃគ្នា
lines/2506.jpg	នៅក្នុងសង្គមយើងបច្ចប្បន្នយើងនេះប្រជាពលរដ្ធបានដឹងច្បាស់ហើយថាកូនកាច
lines/2509.jpg	អ្វីគឺជាអ្វី។នៅក្នុងសង្គាមយើងមានពាក្យទូន្មានមួយឃ្លាពោលថា” កូនកាច
lines/2522.jpg	មិនត្រូវការធ្វើឪ្យឪពុលម្តាយបាក់មុខឪន់អាចអោនកេរ្តិ៏ឈ្មោះ
lines/2517.jpg	ចរឹកសុភាពរាបសានិយាយស្តីគោរពចាស់ទុំហើយមានចំណោះដឹង។
lines/2510.jpg	បំពេញទុក្ខម្តាយឪពុកព្រួយបារម្ភ កូនស្លូតចេះតួរសមមែបាផ្តុំថ្កើងកេរ្តីឈ្មោះ“។
lines/2523.jpg	ហើយឪ្យពួកគាត់ព្រួយបារម្ភកូនមិនល្អយើងងាកនៅ
lines/2516.jpg	ម្តាយព្រួយបារម្ភ។ “កូនស្លូត “មានន័យថាគឺជាកូនដែលស្តាប់បង្កប់ឪពុកម្តាយមាន
lines/2503.jpg	ព្រួយបារម្ភ កូនស្លូតចេះតួរសមមែបាផ្តុំថ្កើងកេរ្តីឈ្មោះ“។ចូលពន្យល់
lines/2518.jpg	ជាការពិតណាស់ប្រធានខាងលើមានន័យថាកូនដែលកាចគែជាកូន
lines/2505.jpg	សេចក្តីអធិប្បាយ
lines/2519.jpg	ដែលមិនស្តាប់បង្កាប់ឪពុកម្តាយមានចរឹកកោងកាចដើរលេងយប់
lines/2502.jpg	ប្រធាន ពាក្យទូន្មានមួយឃ្លាពោលថា” កូនកាចបំពេញទុក្ខម្តាយឪពុក
lines/2511.jpg	តើការទូន្មានខាងលើនេះមានខ្លឹមសារបែបណាដែរ?
lines/2513.jpg	យល់ន័យប្រធានឪ្យបានក្បោះក្បាយនៃប្រធានខាងលើជាមុនសិន។
lines/2504.jpg	ដោយលើកឧទាហរណ៏មួយមកបញ្ជាក់ឪ្យបានក្បោះក្បាយ
lines/2524.jpg	មើលកូនគេដែលមានចរិកល្អសុភាពរាបសាចេះជួយឪពុកម្តា
lines/2508.jpg	ឯកូនដែលស្តាយប់ឪពុកម្តាយគឺជាកូនក្រមសីលធម៏ល្អចេះដឹងស្គាល់
lines/2525.jpg	យស្តាប់បង្កាប់ឪពុកម្តាយចេះនៅក្នុងស្រុកភូមិ។
lines/2514.jpg	ពន្យល់ពាក្យ“កូនកាច“មានន័យថាកូនមិនស្តាប់បង្គាប់ឪពុកម្តាយឈ្លើ
lines/2507.jpg	គឺជាកូនមិនស្តាប់បង្កប់ឪពុកម្តាយហើយអាចមកផ្តោល់មកនូវមហន្តរាយ
lines/945.jpg	សេចក្តីអធិប្បាយ
lines/948.jpg	ហេតុដូចនេះហើយទើបមានទស្សនះមួយលើកឡើងថាអំពើហិង្សានាំឱ្យគ្រួសារបាត់
lines/950.jpg	តើទស្សនះខាងលើមានន័យដូចម្តេច?
lines/947.jpg	គ្រួសាដរបាត់បងសុភមង្គល។
lines/951.jpg	ដើម្បីជាស្ពានឈានទៅដល់ការបកស្រាយពុងយល់អត្ថបទពងលើយើងគប្បីយល់នៅ
lines/955.jpg	អោយមានអំពើហិង្សានាំអោយគ្រួសារបាត់បង់សុភមង្គលហើយធ្វើអោយសង្គមមិនល្អ។
lines/961.jpg	សង្គមឬក្រុមណាមួយក៏ពុំមានការជឿជាក់លើយើងដែរហើយយើងក៌និងមានបាត់
lines/962.jpg	មានសុភមង្គុលឬការជឿទុក្ខចិត្តទោះទៅថ្ងៃណាដូចគ្នាឧទាហរណ៍ ដូចជាទៅ
lines/963.jpg	ក្នុងសង្គមឬការជឿទុកចឹត្តនោះទៅថ្ងៃណាមួយក្នុងពិភពលោកដែលមានអំពើហិង្សា
lines/943.jpg	IV. ទស្សនៈ មួយបានលើកឡើងថា «អំពើហិង្សានាំឱ្យគ្រួសារបាត់បង់សុភមង្គល»ចូលពន្យល់
lines/965.jpg	កក់ក្ដៅ។
lines/966.jpg	សរុបសេចក្តីមកប្រធានខាងលើមានតម្លៃអប់រំចង់អោយយើងចេះអត់
lines/964.jpg	នូវក្នុងគ្រួសាហើយបានធ្វើអោយសមាជិកនៅក្នុងគ្រួសានោះរងនៅទុកខលំបាកគ្មានភាព
lines/967.jpg	ឪនចេះផ្តល់តម្លៃ ចេះផ្តល់សុភមង្គមនៅក្នុងគ្រួសារខ្លួនមិនប្រើប្រាស់អំពើ។
lines/946.jpg	នៅក្នុងសង្គមយើងតែងតែបានដឹងឮនៅអំពើហិង្សានាំអោយវិនាសហិនហោចល់
lines/949.jpg	បង់សុភមង្គល»។
lines/953.jpg	សុភមង្គលមានន័យថា សេចក្តីសុខផ្លូវកាយ ផ្លូវចឹត្ត។
lines/954.jpg	ដូចនេះប្រធានខាងលើមានន័យថាចង់អោយយើងចេះធ្វើមនុស្សដែលល្អហើយកុំធ្វើ
lines/960.jpg	មានតែគ្រួសារទេដែលបាត់បង់សេចក្តីសុខរឿងទុកចឹត្តសូម្បីតែអ្នកដទៃនៅក្នុង
lines/956.jpg	ឧទា:នៅក្នុងគ្រួសារមួយនៅក្នុងសង្គមយើងតែងតែភាពអំពើហិង្សារាល់ថ្ងៃព្រោះតែតែនៅអត់
lines/944.jpg	និងលើកឧទាហរណ៏បញ្ជាក់។
lines/952.jpg	ពាក្យគន្លិះជាមុនសិន អំពើហិង្សា មានន័យថា អត់ចុះសម្រុងគ្នា មិនយល់ចឹត្ត គំគួនគ្នា។
lines/957.jpg	ចុះជំរុងគ្នា មិនយល់ចឹត្តនោះហើយធ្វើអោយមានអំពើហិង្សានៅក្នុងគ្រួសារជាដើម
lines/959.jpg	គ្រួសាពុំមានកាល្អឬជាកានាំមានសេចក្តីសុខសុភមង្គលនៅក្នុងគ្រួសារទេហើយពុំមែន
lines/958.jpg	ហើយគ្រួសារធ្វើអោយបាត់បង់ទ្រព្យសម្បត្តិ និងកូនៗបាត់បង់ការរៀនសូត្រ។
lines/1147.jpg	IV. ទស្សនៈមួយបានលើកឡើងថា៖ «អំពើហិង្សានាំឱ្យគ្រួសារបាត់បង់
lines/1143.jpg	IV
lines/1144.jpg	-ចលនាអក្សរសិស្ស៍ពុន្ធនិយម
lines/1151.jpg	សុភមង្គលមានចិត្តអំពើហិង្សារនោះគ្រួសារបាត់បង់សុភមង្គល។ហេតុ
lines/1148.jpg	សុភមង្គល ចូលពន្យល់និងលើកឧទាហរណ៏
lines/1150.jpg	គ្គឺជារឿងមួយដែលល្អប៉ុន្តែមនុស្សដែលមានគ្រួសារហើយហើយគ្មាន
lines/1149.jpg	នៅក្នុងសង្គមយើងសព្វថ្ងៃនោះមនុស្សដែលមានគ្រួសារហើយហើយដែលមានសុភមង្គល
lines/1164.jpg	ដំជ្រំធាក់។
lines/1152.jpg	ដូចនេះហើយទើបមានទស្សនះមួយលើកឡើងថាអំពើហិង្សា
lines/1160.jpg	រាបអានស្រលាញ់ចូលចិត្ត។ដូចនេះប្រធានលើខាងលើមានន័យ
lines/1155.jpg	ដើម្បីឈានទៅដល់ការមកស្រាយយើងត្រូវយល់ពាក្យគន្លិះ
lines/1154.jpg	តើទស្សនះនេះខាងលើនេះមានអត្ថន័យខ្លិមសារដូចម្តេច?
lines/1157.jpg	គ្រួសារនោះមានតែអំពើហិង្សា។ឧទាហរណ៍ដូចជាកូនខ្វះភាពកក់ក្តៅ
lines/1156.jpg	ជាមុនសិន។ពាក្យថា អំពើហិង្សា មានន័យថាអ្នកមានគ្រួសារហើយ
lines/1161.jpg	ថាគេចង់លុបបំបាត់អំពើហិង្សារចេញពីក្នុងសង្គមជាតិទាំងមូលពីព្រោះ
lines/1158.jpg	កូនបាតើបង់ឪពុកម្តាយ។រីឯពាក្យថា សុភមង្គល មានន័យថាគ្រួសារមាន
lines/1159.jpg	សុភមង្គលរស់នៅប្រកបដោយសិលធម៍នៅក្នុងសំម្បូរនៅដោយអ្នក
lines/1162.jpg	អំពើហិង្សានាំមកនូវភាពអន្តរាយឧទារហំ៍កូនបាត់បង់ឪពុកម្តាយ
lines/1163.jpg	ខ្វះភាពកក់ក្តៅរស់នៅក្នុងគ្រួសារមិនមានភាពចុះសំរុងគ្នាមានតែការវៃ
lines/1812.jpg	ព្រះឥក៏បានទោសឪ្យនាងទិព្វសុតាចន្ទចុះមកធ្វើប្រពន្ធតាលឹមសេង
lines/1813.jpg	ចំនួន6ឆ្នាំ។
lines/1814.jpg	4, ព្រះពិស្ណុការបានរៀនវិជ្ជាពីទេវបុត្រពីឋានព្រះឥន្រ្ទមានដូចជា
lines/1815.jpg	សួរដែក សំណង់ ធ្លាក់ និងជំនាញផ្សេងៗ។
lines/1810.jpg	នៅឋានមនុស្សព្រោះនាងទិព្វសុតាចន្ទបានលួចបេះផ្ការបស់តាលឹមសេង
lines/1809.jpg	3,បានជានាងទិព្វសុតាចន្ទចុះមករស់នៅជាមួយតាលឹមសេង
lines/1811.jpg	សេងចំនួនទេវហើយរឿងនេះកំលើមលើនៅដល់ព្រះឥន្រ្ទហើយ
